2764,https://www.theguardian.com/international
3245,https://www.cbc.ca
5257,https://www.reddit.com
6103,https://www.cnn.com
5281,https://www.cnbc.com
358,https://www.weather.com
5737,https://www.nytimes.com
207,https://www.abcnews.com
6343,https://www.foxnews.com
4015,https://www.indiatimes.com
5872,https://www.hollywoodreporter.com
5510,https://www.huffingtonpost.com
15938,https://docs.google.com/document/d/1CBF65WS71QOC4XiUH-KT2ZGDTp5ieSMSqC-d1NfoFCw/edit#heading=h.ptbvkvnv25r7
67,http://www.shutterstock.com
5284,https://www.wunderground.com/
77,http://www.nypost.com
3924,http://www.cbsnews.com
95,http://www.usnews.com
5153,http://www.news.com.au
87,http://www.time.com
61,http://www.theatlantic.com
6991,https://www.chron.com/
61,http://www.thehindu.com
3552,http://www.dw.com
3955,http://www.thedailybeast.com
61,http://www.latimes.com
56,http://www.sfgate.com
59,http://www.variety.com
60,http://www.hindustantimes.com
5335,http://www.expedia.com
1576,https://www.instagram.com/justintimberlake/
4006,https://www.facebook.com/DwayneJohnson/
2941,https://www.theguardian.com/international
4103,https://www.cbc.ca
4648,https://www.reddit.com
4104,https://www.cnn.com
5120,https://www.cnbc.com
416,https://www.weather.com
5114,https://www.nytimes.com
213,https://www.abcnews.com
5549,https://www.foxnews.com
3830,https://www.indiatimes.com
5012,https://www.hollywoodreporter.com
7510,https://www.huffingtonpost.com
15503,https://docs.google.com/document/d/1CBF65WS71QOC4XiUH-KT2ZGDTp5ieSMSqC-d1NfoFCw/edit#heading=h.ptbvkvnv25r7
100,http://www.shutterstock.com
6124,https://www.wunderground.com/
69,http://www.nypost.com
4445,http://www.cbsnews.com
53,http://www.usnews.com
4712,http://www.news.com.au
93,http://www.time.com
65,http://www.theatlantic.com
8209,https://www.chron.com/
68,http://www.thehindu.com
3522,http://www.dw.com
4031,http://www.thedailybeast.com
96,http://www.latimes.com
55,http://www.sfgate.com
52,http://www.variety.com
103,http://www.hindustantimes.com
5955,http://www.expedia.com
1581,https://www.instagram.com/justintimberlake/
3499,https://www.facebook.com/DwayneJohnson/
3168,https://www.theguardian.com/international
3397,https://www.cbc.ca
4521,https://www.reddit.com
5857,https://www.cnn.com
4280,https://www.cnbc.com
327,https://www.weather.com
4217,https://www.nytimes.com
246,https://www.abcnews.com
5806,https://www.foxnews.com
3196,https://www.indiatimes.com
4999,https://www.hollywoodreporter.com
5904,https://www.huffingtonpost.com
15634,https://docs.google.com/document/d/1CBF65WS71QOC4XiUH-KT2ZGDTp5ieSMSqC-d1NfoFCw/edit#heading=h.ptbvkvnv25r7
100,http://www.shutterstock.com
6002,https://www.wunderground.com/
87,http://www.nypost.com
3681,http://www.cbsnews.com
61,http://www.usnews.com
5399,http://www.news.com.au
62,http://www.time.com
63,http://www.theatlantic.com
7590,https://www.chron.com/
92,http://www.thehindu.com
3452,http://www.dw.com
3627,http://www.thedailybeast.com
80,http://www.latimes.com
92,http://www.sfgate.com
74,http://www.variety.com
97,http://www.hindustantimes.com
5598,http://www.expedia.com
1595,https://www.instagram.com/justintimberlake/
3554,https://www.facebook.com/DwayneJohnson/
2733,https://www.theguardian.com/international
3949,https://www.cbc.ca
4423,https://www.reddit.com
6479,https://www.cnn.com
4282,https://www.cnbc.com
413,https://www.weather.com
3990,https://www.nytimes.com
186,https://www.abcnews.com
6851,https://www.foxnews.com
3294,https://www.indiatimes.com
4934,https://www.hollywoodreporter.com
5604,https://www.huffingtonpost.com
15532,https://docs.google.com/document/d/1CBF65WS71QOC4XiUH-KT2ZGDTp5ieSMSqC-d1NfoFCw/edit#heading=h.ptbvkvnv25r7
83,http://www.shutterstock.com
6706,https://www.wunderground.com/
55,http://www.nypost.com
3973,http://www.cbsnews.com
105,http://www.usnews.com
4533,http://www.news.com.au
48,http://www.time.com
63,http://www.theatlantic.com
7564,https://www.chron.com/
66,http://www.thehindu.com
3700,http://www.dw.com
3976,http://www.thedailybeast.com
90,http://www.latimes.com
99,http://www.sfgate.com
70,http://www.variety.com
69,http://www.hindustantimes.com
5169,http://www.expedia.com
1516,https://www.instagram.com/justintimberlake/
3652,https://www.facebook.com/DwayneJohnson/
3167,https://www.theguardian.com/international
3048,https://www.cbc.ca
4505,https://www.reddit.com
6096,https://www.cnn.com
4421,https://www.cnbc.com
346,https://www.weather.com
4186,https://www.nytimes.com
241,https://www.abcnews.com
6156,https://www.foxnews.com
4038,https://www.indiatimes.com
6036,https://www.hollywoodreporter.com
5730,https://www.huffingtonpost.com
15565,https://docs.google.com/document/d/1CBF65WS71QOC4XiUH-KT2ZGDTp5ieSMSqC-d1NfoFCw/edit#heading=h.ptbvkvnv25r7
81,http://www.shutterstock.com
6062,https://www.wunderground.com/
64,http://www.nypost.com
4538,http://www.cbsnews.com
108,http://www.usnews.com
5706,http://www.news.com.au
66,http://www.time.com
83,http://www.theatlantic.com
7645,https://www.chron.com/
99,http://www.thehindu.com
3683,http://www.dw.com
3716,http://www.thedailybeast.com
95,http://www.latimes.com
144,http://www.sfgate.com
83,http://www.variety.com
108,http://www.hindustantimes.com
5287,http://www.expedia.com
1630,https://www.instagram.com/justintimberlake/
3906,https://www.facebook.com/DwayneJohnson/
2934,https://www.theguardian.com/international
3253,https://www.cbc.ca
5095,https://www.reddit.com
5317,https://www.cnn.com
4330,https://www.cnbc.com
374,https://www.weather.com
5064,https://www.nytimes.com
218,https://www.abcnews.com
5169,https://www.foxnews.com
3860,https://www.indiatimes.com
5157,https://www.hollywoodreporter.com
5851,https://www.huffingtonpost.com
15518,https://docs.google.com/document/d/1CBF65WS71QOC4XiUH-KT2ZGDTp5ieSMSqC-d1NfoFCw/edit#heading=h.ptbvkvnv25r7
67,http://www.shutterstock.com
6255,https://www.wunderground.com/
99,http://www.nypost.com
78,http://www.usnews.com
5695,http://www.news.com.au
79,http://www.time.com
99,http://www.theatlantic.com
6857,https://www.chron.com/
94,http://www.thehindu.com
3388,http://www.dw.com
3697,http://www.thedailybeast.com
61,http://www.latimes.com
65,http://www.sfgate.com
157,http://www.variety.com
62,http://www.hindustantimes.com
4187,http://www.expedia.com
1770,https://www.instagram.com/justintimberlake/
3488,https://www.facebook.com/DwayneJohnson/
2879,https://www.theguardian.com/international
3725,https://www.cbc.ca
4915,https://www.reddit.com
5667,https://www.cnn.com
4700,https://www.cnbc.com
348,https://www.weather.com
5389,https://www.nytimes.com
287,https://www.abcnews.com
5669,https://www.foxnews.com
3790,https://www.indiatimes.com
5177,https://www.hollywoodreporter.com
5428,https://www.huffingtonpost.com
15911,https://docs.google.com/document/d/1CBF65WS71QOC4XiUH-KT2ZGDTp5ieSMSqC-d1NfoFCw/edit#heading=h.ptbvkvnv25r7
131,http://www.shutterstock.com
5989,https://www.wunderground.com/
63,http://www.nypost.com
3271,http://www.cbsnews.com
101,http://www.usnews.com
5504,http://www.news.com.au
92,http://www.time.com
91,http://www.theatlantic.com
7461,https://www.chron.com/
67,http://www.thehindu.com
3452,http://www.dw.com
4542,http://www.thedailybeast.com
88,http://www.latimes.com
55,http://www.sfgate.com
65,http://www.variety.com
67,http://www.hindustantimes.com
5570,http://www.expedia.com
1569,https://www.instagram.com/justintimberlake/
3624,https://www.facebook.com/DwayneJohnson/
3150,https://www.theguardian.com/international
3112,https://www.cbc.ca
4842,https://www.reddit.com
5466,https://www.cnn.com
3853,https://www.cnbc.com
480,https://www.weather.com
5244,https://www.nytimes.com
174,https://www.abcnews.com
5710,https://www.foxnews.com
3647,https://www.indiatimes.com
5201,https://www.hollywoodreporter.com
5783,https://www.huffingtonpost.com
16012,https://docs.google.com/document/d/1CBF65WS71QOC4XiUH-KT2ZGDTp5ieSMSqC-d1NfoFCw/edit#heading=h.ptbvkvnv25r7
55,http://www.shutterstock.com
6123,https://www.wunderground.com/
97,http://www.nypost.com
3876,http://www.cbsnews.com
92,http://www.usnews.com
4403,http://www.news.com.au
69,http://www.time.com
51,http://www.theatlantic.com
7661,https://www.chron.com/
100,http://www.thehindu.com
3430,http://www.dw.com
4218,http://www.thedailybeast.com
54,http://www.latimes.com
64,http://www.sfgate.com
101,http://www.variety.com
119,http://www.hindustantimes.com
5487,http://www.expedia.com
1762,https://www.instagram.com/justintimberlake/
3886,https://www.facebook.com/DwayneJohnson/
2691,https://www.theguardian.com/international
3858,https://www.cbc.ca
4704,https://www.reddit.com
4000,https://www.cnn.com
4191,https://www.cnbc.com
342,https://www.weather.com
4050,https://www.nytimes.com
139,https://www.abcnews.com
5564,https://www.foxnews.com
3445,https://www.indiatimes.com
5121,https://www.hollywoodreporter.com
5645,https://www.huffingtonpost.com
16104,https://docs.google.com/document/d/1CBF65WS71QOC4XiUH-KT2ZGDTp5ieSMSqC-d1NfoFCw/edit#heading=h.ptbvkvnv25r7
66,http://www.shutterstock.com
6106,https://www.wunderground.com/
64,http://www.nypost.com
4328,http://www.cbsnews.com
64,http://www.usnews.com
4738,http://www.news.com.au
64,http://www.time.com
57,http://www.theatlantic.com
9499,https://www.chron.com/
65,http://www.thehindu.com
4062,http://www.dw.com
4517,http://www.thedailybeast.com
88,http://www.latimes.com
98,http://www.sfgate.com
70,http://www.variety.com
62,http://www.hindustantimes.com
5586,http://www.expedia.com
1859,https://www.instagram.com/justintimberlake/
4103,https://www.facebook.com/DwayneJohnson/
2752,https://www.theguardian.com/international
3767,https://www.cbc.ca
5211,https://www.reddit.com
5587,https://www.cnn.com
4771,https://www.cnbc.com
668,https://www.weather.com
4341,https://www.nytimes.com
197,https://www.abcnews.com
5791,https://www.foxnews.com
3560,https://www.indiatimes.com
5220,https://www.hollywoodreporter.com
5472,https://www.huffingtonpost.com
15966,https://docs.google.com/document/d/1CBF65WS71QOC4XiUH-KT2ZGDTp5ieSMSqC-d1NfoFCw/edit#heading=h.ptbvkvnv25r7
70,http://www.shutterstock.com
5957,https://www.wunderground.com/
70,http://www.nypost.com
4217,http://www.cbsnews.com
96,http://www.usnews.com
5482,http://www.news.com.au
81,http://www.time.com
61,http://www.theatlantic.com
7854,https://www.chron.com/
62,http://www.thehindu.com
3964,http://www.dw.com
3945,http://www.thedailybeast.com
85,http://www.latimes.com
100,http://www.sfgate.com
79,http://www.variety.com
66,http://www.hindustantimes.com
5442,http://www.expedia.com
1385,https://www.instagram.com/justintimberlake/
4096,https://www.facebook.com/DwayneJohnson/
2834,https://www.theguardian.com/international
3053,https://www.cbc.ca
4659,https://www.reddit.com
6074,https://www.cnn.com
4250,https://www.cnbc.com
436,https://www.weather.com
4696,https://www.nytimes.com
188,https://www.abcnews.com
6723,https://www.foxnews.com
3508,https://www.indiatimes.com
5630,https://www.hollywoodreporter.com
5329,https://www.huffingtonpost.com
16244,https://docs.google.com/document/d/1CBF65WS71QOC4XiUH-KT2ZGDTp5ieSMSqC-d1NfoFCw/edit#heading=h.ptbvkvnv25r7
96,http://www.shutterstock.com
6078,https://www.wunderground.com/
79,http://www.nypost.com
4100,http://www.cbsnews.com
82,http://www.usnews.com
5065,http://www.news.com.au
120,http://www.time.com
68,http://www.theatlantic.com
7329,https://www.chron.com/
91,http://www.thehindu.com
3904,http://www.dw.com
3120,http://www.thedailybeast.com
61,http://www.latimes.com
66,http://www.sfgate.com
89,http://www.variety.com
71,http://www.hindustantimes.com
5662,http://www.expedia.com
1810,https://www.instagram.com/justintimberlake/
3868,https://www.facebook.com/DwayneJohnson/
2835,https://www.theguardian.com/international
4249,https://www.cbc.ca
4916,https://www.reddit.com
5662,https://www.cnn.com
4846,https://www.cnbc.com
351,https://www.weather.com
4106,https://www.nytimes.com
184,https://www.abcnews.com
5485,https://www.foxnews.com
3789,https://www.indiatimes.com
6121,https://www.hollywoodreporter.com
5761,https://www.huffingtonpost.com
15313,https://docs.google.com/document/d/1CBF65WS71QOC4XiUH-KT2ZGDTp5ieSMSqC-d1NfoFCw/edit#heading=h.ptbvkvnv25r7
87,http://www.shutterstock.com
5867,https://www.wunderground.com/
65,http://www.nypost.com
3442,http://www.cbsnews.com
97,http://www.usnews.com
5875,http://www.news.com.au
122,http://www.time.com
65,http://www.theatlantic.com
7406,https://www.chron.com/
92,http://www.thehindu.com
9244,http://www.dw.com
3961,http://www.thedailybeast.com
87,http://www.latimes.com
99,http://www.sfgate.com
66,http://www.variety.com
67,http://www.hindustantimes.com
5451,http://www.expedia.com
1752,https://www.instagram.com/justintimberlake/
3324,https://www.facebook.com/DwayneJohnson/
2718,https://www.theguardian.com/international
3530,https://www.cbc.ca
4392,https://www.reddit.com
5681,https://www.cnn.com
5924,https://www.cnbc.com
406,https://www.weather.com
3503,https://www.nytimes.com
232,https://www.abcnews.com
6006,https://www.foxnews.com
4166,https://www.indiatimes.com
5427,https://www.hollywoodreporter.com
5574,https://www.huffingtonpost.com
15739,https://docs.google.com/document/d/1CBF65WS71QOC4XiUH-KT2ZGDTp5ieSMSqC-d1NfoFCw/edit#heading=h.ptbvkvnv25r7
83,http://www.shutterstock.com
5489,https://www.wunderground.com/
97,http://www.nypost.com
3303,http://www.cbsnews.com
75,http://www.usnews.com
5140,http://www.news.com.au
63,http://www.time.com
147,http://www.theatlantic.com
9797,https://www.chron.com/
118,http://www.thehindu.com
3852,http://www.dw.com
3746,http://www.thedailybeast.com
47,http://www.latimes.com
67,http://www.sfgate.com
67,http://www.variety.com
65,http://www.hindustantimes.com
5333,http://www.expedia.com
1760,https://www.instagram.com/justintimberlake/
3821,https://www.facebook.com/DwayneJohnson/
2993,https://www.theguardian.com/international
3439,https://www.cbc.ca
4824,https://www.reddit.com
4973,https://www.cnn.com
4269,https://www.cnbc.com
354,https://www.weather.com
4629,https://www.nytimes.com
206,https://www.abcnews.com
5520,https://www.foxnews.com
4080,https://www.indiatimes.com
5057,https://www.hollywoodreporter.com
7184,https://www.huffingtonpost.com
15415,https://docs.google.com/document/d/1CBF65WS71QOC4XiUH-KT2ZGDTp5ieSMSqC-d1NfoFCw/edit#heading=h.ptbvkvnv25r7
70,http://www.shutterstock.com
5376,https://www.wunderground.com/
57,http://www.nypost.com
4312,http://www.cbsnews.com
64,http://www.usnews.com
5911,http://www.news.com.au
88,http://www.time.com
65,http://www.theatlantic.com
8584,https://www.chron.com/
76,http://www.thehindu.com
3628,http://www.dw.com
3907,http://www.thedailybeast.com
98,http://www.latimes.com
52,http://www.sfgate.com
72,http://www.variety.com
98,http://www.hindustantimes.com
5381,http://www.expedia.com
1782,https://www.instagram.com/justintimberlake/
3520,https://www.facebook.com/DwayneJohnson/
3143,https://www.theguardian.com/international
3760,https://www.cbc.ca
5186,https://www.reddit.com
5538,https://www.cnn.com
4575,https://www.cnbc.com
430,https://www.weather.com
4430,https://www.nytimes.com
210,https://www.abcnews.com
6155,https://www.foxnews.com
3663,https://www.indiatimes.com
4883,https://www.hollywoodreporter.com
5469,https://www.huffingtonpost.com
15919,https://docs.google.com/document/d/1CBF65WS71QOC4XiUH-KT2ZGDTp5ieSMSqC-d1NfoFCw/edit#heading=h.ptbvkvnv25r7
69,http://www.shutterstock.com
6066,https://www.wunderground.com/
98,http://www.nypost.com
3646,http://www.cbsnews.com
62,http://www.usnews.com
5289,http://www.news.com.au
85,http://www.time.com
145,http://www.theatlantic.com
7434,https://www.chron.com/
70,http://www.thehindu.com
4755,http://www.dw.com
4595,http://www.thedailybeast.com
67,http://www.latimes.com
74,http://www.sfgate.com
53,http://www.variety.com
56,http://www.hindustantimes.com
5763,http://www.expedia.com
1817,https://www.instagram.com/justintimberlake/
3878,https://www.facebook.com/DwayneJohnson/
3724,https://www.theguardian.com/international
6415,https://www.cbc.ca
5057,https://www.reddit.com
6670,https://www.cnn.com
8520,https://www.cnbc.com
466,https://www.weather.com
4483,https://www.nytimes.com
278,https://www.abcnews.com
5979,https://www.foxnews.com
3876,https://www.indiatimes.com
6482,https://www.hollywoodreporter.com
5762,https://www.huffingtonpost.com
15752,https://docs.google.com/document/d/1CBF65WS71QOC4XiUH-KT2ZGDTp5ieSMSqC-d1NfoFCw/edit#heading=h.ptbvkvnv25r7
113,http://www.shutterstock.com
7146,https://www.wunderground.com/
99,http://www.nypost.com
4077,http://www.cbsnews.com
101,http://www.usnews.com
5904,http://www.news.com.au
65,http://www.time.com
100,http://www.theatlantic.com
8642,https://www.chron.com/
69,http://www.thehindu.com
3869,http://www.dw.com
4140,http://www.thedailybeast.com
88,http://www.latimes.com
64,http://www.sfgate.com
100,http://www.variety.com
57,http://www.hindustantimes.com
5301,http://www.expedia.com
1563,https://www.instagram.com/justintimberlake/
3852,https://www.facebook.com/DwayneJohnson/
2988,https://www.theguardian.com/international
3187,https://www.cbc.ca
5947,https://www.reddit.com
5763,https://www.cnn.com
4905,https://www.cnbc.com
370,https://www.weather.com
5516,https://www.nytimes.com
164,https://www.abcnews.com
5452,https://www.foxnews.com
4024,https://www.indiatimes.com
5068,https://www.hollywoodreporter.com
5374,https://www.huffingtonpost.com
15680,https://docs.google.com/document/d/1CBF65WS71QOC4XiUH-KT2ZGDTp5ieSMSqC-d1NfoFCw/edit#heading=h.ptbvkvnv25r7
82,http://www.shutterstock.com
6396,https://www.wunderground.com/
103,http://www.nypost.com
3670,http://www.cbsnews.com
103,http://www.usnews.com
5299,http://www.news.com.au
64,http://www.time.com
99,http://www.theatlantic.com
6764,https://www.chron.com/
86,http://www.thehindu.com
3588,http://www.dw.com
3975,http://www.thedailybeast.com
71,http://www.latimes.com
69,http://www.sfgate.com
66,http://www.variety.com
101,http://www.hindustantimes.com
5803,http://www.expedia.com
1497,https://www.instagram.com/justintimberlake/
3630,https://www.facebook.com/DwayneJohnson/
3177,https://www.theguardian.com/international
3111,https://www.cbc.ca
5809,https://www.reddit.com
5281,https://www.cnn.com
5338,https://www.cnbc.com
366,https://www.weather.com
4137,https://www.nytimes.com
191,https://www.abcnews.com
5352,https://www.foxnews.com
4319,https://www.indiatimes.com
6209,https://www.hollywoodreporter.com
5531,https://www.huffingtonpost.com
15718,https://docs.google.com/document/d/1CBF65WS71QOC4XiUH-KT2ZGDTp5ieSMSqC-d1NfoFCw/edit#heading=h.ptbvkvnv25r7
68,http://www.shutterstock.com
6112,https://www.wunderground.com/
84,http://www.nypost.com
3626,http://www.cbsnews.com
106,http://www.usnews.com
5329,http://www.news.com.au
77,http://www.time.com
112,http://www.theatlantic.com
10499,https://www.chron.com/
64,http://www.thehindu.com
3412,http://www.dw.com
3812,http://www.thedailybeast.com
68,http://www.latimes.com
75,http://www.sfgate.com
100,http://www.variety.com
80,http://www.hindustantimes.com
5373,http://www.expedia.com
1560,https://www.instagram.com/justintimberlake/
3502,https://www.facebook.com/DwayneJohnson/
3551,https://www.theguardian.com/international
4135,https://www.cbc.ca
4884,https://www.reddit.com
4949,https://www.cnn.com
4118,https://www.cnbc.com
431,https://www.weather.com
4215,https://www.nytimes.com
183,https://www.abcnews.com
6157,https://www.foxnews.com
3730,https://www.indiatimes.com
5340,https://www.hollywoodreporter.com
5596,https://www.huffingtonpost.com
15574,https://docs.google.com/document/d/1CBF65WS71QOC4XiUH-KT2ZGDTp5ieSMSqC-d1NfoFCw/edit#heading=h.ptbvkvnv25r7
62,http://www.shutterstock.com
6656,https://www.wunderground.com/
103,http://www.nypost.com
3227,http://www.cbsnews.com
58,http://www.usnews.com
5546,http://www.news.com.au
87,http://www.time.com
49,http://www.theatlantic.com
11233,https://www.chron.com/
117,http://www.thehindu.com
3507,http://www.dw.com
3868,http://www.thedailybeast.com
101,http://www.latimes.com
83,http://www.sfgate.com
71,http://www.variety.com
65,http://www.hindustantimes.com
5211,http://www.expedia.com
1677,https://www.instagram.com/justintimberlake/
3835,https://www.facebook.com/DwayneJohnson/
3533,https://www.theguardian.com/international
3686,https://www.cbc.ca
4497,https://www.reddit.com
5726,https://www.cnn.com
4407,https://www.cnbc.com
442,https://www.weather.com
5221,https://www.nytimes.com
274,https://www.abcnews.com
5204,https://www.foxnews.com
3657,https://www.indiatimes.com
5546,https://www.hollywoodreporter.com
5497,https://www.huffingtonpost.com
16196,https://docs.google.com/document/d/1CBF65WS71QOC4XiUH-KT2ZGDTp5ieSMSqC-d1NfoFCw/edit#heading=h.ptbvkvnv25r7
74,http://www.shutterstock.com
6464,https://www.wunderground.com/
126,http://www.nypost.com
4801,http://www.cbsnews.com
63,http://www.usnews.com
5053,http://www.news.com.au
101,http://www.time.com
79,http://www.theatlantic.com
7996,https://www.chron.com/
88,http://www.thehindu.com
3443,http://www.dw.com
3908,http://www.thedailybeast.com
82,http://www.latimes.com
98,http://www.sfgate.com
93,http://www.variety.com
86,http://www.hindustantimes.com
5788,http://www.expedia.com
1732,https://www.instagram.com/justintimberlake/
3624,https://www.facebook.com/DwayneJohnson/
3033,https://www.theguardian.com/international
4433,https://www.cbc.ca
4704,https://www.reddit.com
5200,https://www.cnn.com
4860,https://www.cnbc.com
385,https://www.weather.com
5637,https://www.nytimes.com
189,https://www.abcnews.com
6272,https://www.foxnews.com
4467,https://www.indiatimes.com
4930,https://www.hollywoodreporter.com
5591,https://www.huffingtonpost.com
15878,https://docs.google.com/document/d/1CBF65WS71QOC4XiUH-KT2ZGDTp5ieSMSqC-d1NfoFCw/edit#heading=h.ptbvkvnv25r7
79,http://www.shutterstock.com
5986,https://www.wunderground.com/
79,http://www.nypost.com
3684,http://www.cbsnews.com
65,http://www.usnews.com
5623,http://www.news.com.au
100,http://www.time.com
66,http://www.theatlantic.com
8919,https://www.chron.com/
103,http://www.thehindu.com
3372,http://www.dw.com
4623,http://www.thedailybeast.com
97,http://www.latimes.com
79,http://www.sfgate.com
64,http://www.variety.com
60,http://www.hindustantimes.com
5264,http://www.expedia.com
2144,https://www.instagram.com/justintimberlake/
3506,https://www.facebook.com/DwayneJohnson/
2915,https://www.theguardian.com/international
4043,https://www.cbc.ca
5160,https://www.reddit.com
5701,https://www.cnn.com
4336,https://www.cnbc.com
381,https://www.weather.com
4393,https://www.nytimes.com
398,https://www.abcnews.com
5112,https://www.foxnews.com
3710,https://www.indiatimes.com
5599,https://www.hollywoodreporter.com
5495,https://www.huffingtonpost.com
16038,https://docs.google.com/document/d/1CBF65WS71QOC4XiUH-KT2ZGDTp5ieSMSqC-d1NfoFCw/edit#heading=h.ptbvkvnv25r7
63,http://www.shutterstock.com
6108,https://www.wunderground.com/
94,http://www.nypost.com
3726,http://www.cbsnews.com
65,http://www.usnews.com
5078,http://www.news.com.au
65,http://www.time.com
89,http://www.theatlantic.com
7284,https://www.chron.com/
68,http://www.thehindu.com
4242,http://www.dw.com
3818,http://www.thedailybeast.com
65,http://www.latimes.com
89,http://www.sfgate.com
147,http://www.variety.com
62,http://www.hindustantimes.com
5333,http://www.expedia.com
1483,https://www.instagram.com/justintimberlake/
3772,https://www.facebook.com/DwayneJohnson/
3306,https://www.theguardian.com/international
4181,https://www.cbc.ca
5225,https://www.reddit.com
5193,https://www.cnn.com
5112,https://www.cnbc.com
407,https://www.weather.com
4818,https://www.nytimes.com
200,https://www.abcnews.com
5227,https://www.foxnews.com
3786,https://www.indiatimes.com
5128,https://www.hollywoodreporter.com
5542,https://www.huffingtonpost.com
15713,https://docs.google.com/document/d/1CBF65WS71QOC4XiUH-KT2ZGDTp5ieSMSqC-d1NfoFCw/edit#heading=h.ptbvkvnv25r7
64,http://www.shutterstock.com
6360,https://www.wunderground.com/
91,http://www.nypost.com
3922,http://www.cbsnews.com
54,http://www.usnews.com
9302,http://www.news.com.au
66,http://www.time.com
95,http://www.theatlantic.com
7858,https://www.chron.com/
62,http://www.thehindu.com
3513,http://www.dw.com
4375,http://www.thedailybeast.com
65,http://www.latimes.com
65,http://www.sfgate.com
65,http://www.variety.com
92,http://www.hindustantimes.com
5325,http://www.expedia.com
1838,https://www.instagram.com/justintimberlake/
3325,https://www.facebook.com/DwayneJohnson/
3301,https://www.theguardian.com/international
3204,https://www.cbc.ca
4754,https://www.reddit.com
5562,https://www.cnn.com
5016,https://www.cnbc.com
454,https://www.weather.com
5114,https://www.nytimes.com
171,https://www.abcnews.com
6019,https://www.foxnews.com
3950,https://www.indiatimes.com
5142,https://www.hollywoodreporter.com
5439,https://www.huffingtonpost.com
15706,https://docs.google.com/document/d/1CBF65WS71QOC4XiUH-KT2ZGDTp5ieSMSqC-d1NfoFCw/edit#heading=h.ptbvkvnv25r7
62,http://www.shutterstock.com
6019,https://www.wunderground.com/
89,http://www.nypost.com
3640,http://www.cbsnews.com
71,http://www.usnews.com
4068,http://www.news.com.au
73,http://www.time.com
48,http://www.theatlantic.com
8650,https://www.chron.com/
79,http://www.thehindu.com
3448,http://www.dw.com
3700,http://www.thedailybeast.com
78,http://www.latimes.com
77,http://www.sfgate.com
74,http://www.variety.com
67,http://www.hindustantimes.com
5472,http://www.expedia.com
1437,https://www.instagram.com/justintimberlake/
3501,https://www.facebook.com/DwayneJohnson/
2953,https://www.theguardian.com/international
3174,https://www.cbc.ca
5185,https://www.reddit.com
5249,https://www.cnn.com
4819,https://www.cnbc.com
365,https://www.weather.com
4857,https://www.nytimes.com
222,https://www.abcnews.com
5810,https://www.foxnews.com
3995,https://www.indiatimes.com
5310,https://www.hollywoodreporter.com
5155,https://www.huffingtonpost.com
15790,https://docs.google.com/document/d/1CBF65WS71QOC4XiUH-KT2ZGDTp5ieSMSqC-d1NfoFCw/edit#heading=h.ptbvkvnv25r7
113,http://www.shutterstock.com
6367,https://www.wunderground.com/
68,http://www.nypost.com
4326,http://www.cbsnews.com
70,http://www.usnews.com
4348,http://www.news.com.au
330,http://www.time.com
63,http://www.theatlantic.com
7459,https://www.chron.com/
81,http://www.thehindu.com
3494,http://www.dw.com
4116,http://www.thedailybeast.com
142,http://www.latimes.com
45,http://www.sfgate.com
55,http://www.variety.com
91,http://www.hindustantimes.com
5610,http://www.expedia.com
1853,https://www.instagram.com/justintimberlake/
3642,https://www.facebook.com/DwayneJohnson/
2982,https://www.theguardian.com/international
4542,https://www.cbc.ca
4925,https://www.reddit.com
5055,https://www.cnn.com
3785,https://www.cnbc.com
380,https://www.weather.com
4387,https://www.nytimes.com
215,https://www.abcnews.com
5381,https://www.foxnews.com
3769,https://www.indiatimes.com
5804,https://www.hollywoodreporter.com
5517,https://www.huffingtonpost.com
15813,https://docs.google.com/document/d/1CBF65WS71QOC4XiUH-KT2ZGDTp5ieSMSqC-d1NfoFCw/edit#heading=h.ptbvkvnv25r7
69,http://www.shutterstock.com
5867,https://www.wunderground.com/
72,http://www.nypost.com
3785,http://www.cbsnews.com
59,http://www.usnews.com
4975,http://www.news.com.au
65,http://www.time.com
63,http://www.theatlantic.com
7570,https://www.chron.com/
84,http://www.thehindu.com
3927,http://www.dw.com
3766,http://www.thedailybeast.com
64,http://www.latimes.com
80,http://www.sfgate.com
90,http://www.variety.com
72,http://www.hindustantimes.com
5189,http://www.expedia.com
1599,https://www.instagram.com/justintimberlake/
3684,https://www.facebook.com/DwayneJohnson/
2968,https://www.theguardian.com/international
3900,https://www.cbc.ca
4727,https://www.reddit.com
5568,https://www.cnn.com
3884,https://www.cnbc.com
362,https://www.weather.com
4257,https://www.nytimes.com
226,https://www.abcnews.com
5489,https://www.foxnews.com
3578,https://www.indiatimes.com
4958,https://www.hollywoodreporter.com
5287,https://www.huffingtonpost.com
15794,https://docs.google.com/document/d/1CBF65WS71QOC4XiUH-KT2ZGDTp5ieSMSqC-d1NfoFCw/edit#heading=h.ptbvkvnv25r7
60,http://www.shutterstock.com
5805,https://www.wunderground.com/
73,http://www.nypost.com
4238,http://www.cbsnews.com
71,http://www.usnews.com
5512,http://www.news.com.au
69,http://www.time.com
88,http://www.theatlantic.com
7586,https://www.chron.com/
97,http://www.thehindu.com
3432,http://www.dw.com
4161,http://www.thedailybeast.com
92,http://www.latimes.com
67,http://www.sfgate.com
62,http://www.variety.com
65,http://www.hindustantimes.com
5445,http://www.expedia.com
1500,https://www.instagram.com/justintimberlake/
3566,https://www.facebook.com/DwayneJohnson/
3196,https://www.theguardian.com/international
3098,https://www.cbc.ca
4567,https://www.reddit.com
6659,https://www.cnn.com
4353,https://www.cnbc.com
472,https://www.weather.com
4048,https://www.nytimes.com
167,https://www.abcnews.com
5879,https://www.foxnews.com
3838,https://www.indiatimes.com
5502,https://www.hollywoodreporter.com
5655,https://www.huffingtonpost.com
15940,https://docs.google.com/document/d/1CBF65WS71QOC4XiUH-KT2ZGDTp5ieSMSqC-d1NfoFCw/edit#heading=h.ptbvkvnv25r7
97,http://www.shutterstock.com
6097,https://www.wunderground.com/
106,http://www.nypost.com
3760,http://www.cbsnews.com
92,http://www.usnews.com
4491,http://www.news.com.au
102,http://www.time.com
100,http://www.theatlantic.com
7956,https://www.chron.com/
121,http://www.thehindu.com
3391,http://www.dw.com
3682,http://www.thedailybeast.com
92,http://www.latimes.com
67,http://www.sfgate.com
102,http://www.variety.com
60,http://www.hindustantimes.com
5607,http://www.expedia.com
1546,https://www.instagram.com/justintimberlake/
3509,https://www.facebook.com/DwayneJohnson/
2860,https://www.theguardian.com/international
3872,https://www.cbc.ca
4563,https://www.reddit.com
5623,https://www.cnn.com
4559,https://www.cnbc.com
349,https://www.weather.com
4173,https://www.nytimes.com
178,https://www.abcnews.com
5670,https://www.foxnews.com
3326,https://www.indiatimes.com
4866,https://www.hollywoodreporter.com
5596,https://www.huffingtonpost.com
15916,https://docs.google.com/document/d/1CBF65WS71QOC4XiUH-KT2ZGDTp5ieSMSqC-d1NfoFCw/edit#heading=h.ptbvkvnv25r7
90,http://www.shutterstock.com
6080,https://www.wunderground.com/
98,http://www.nypost.com
4176,http://www.cbsnews.com
85,http://www.usnews.com
4945,http://www.news.com.au
98,http://www.time.com
96,http://www.theatlantic.com
8973,https://www.chron.com/
92,http://www.thehindu.com
3413,http://www.dw.com
4009,http://www.thedailybeast.com
93,http://www.latimes.com
67,http://www.sfgate.com
89,http://www.variety.com
57,http://www.hindustantimes.com
5097,http://www.expedia.com
1772,https://www.instagram.com/justintimberlake/
4053,https://www.facebook.com/DwayneJohnson/
2913,https://www.theguardian.com/international
4274,https://www.cbc.ca
5057,https://www.reddit.com
4698,https://www.cnn.com
4140,https://www.cnbc.com
354,https://www.weather.com
4372,https://www.nytimes.com
177,https://www.abcnews.com
6088,https://www.foxnews.com
3608,https://www.indiatimes.com
5458,https://www.hollywoodreporter.com
5236,https://www.huffingtonpost.com
15397,https://docs.google.com/document/d/1CBF65WS71QOC4XiUH-KT2ZGDTp5ieSMSqC-d1NfoFCw/edit#heading=h.ptbvkvnv25r7
139,http://www.shutterstock.com
6607,https://www.wunderground.com/
79,http://www.nypost.com
4047,http://www.cbsnews.com
99,http://www.usnews.com
5045,http://www.news.com.au
71,http://www.time.com
64,http://www.theatlantic.com
7627,https://www.chron.com/
102,http://www.thehindu.com
3740,http://www.dw.com
3902,http://www.thedailybeast.com
67,http://www.latimes.com
92,http://www.sfgate.com
102,http://www.variety.com
62,http://www.hindustantimes.com
5289,http://www.expedia.com
1842,https://www.instagram.com/justintimberlake/
3602,https://www.facebook.com/DwayneJohnson/
3337,https://www.theguardian.com/international
4230,https://www.cbc.ca
4588,https://www.reddit.com
5417,https://www.cnn.com
5465,https://www.cnbc.com
410,https://www.weather.com
4240,https://www.nytimes.com
269,https://www.abcnews.com
5832,https://www.foxnews.com
4094,https://www.indiatimes.com
5238,https://www.hollywoodreporter.com
5748,https://www.huffingtonpost.com
15543,https://docs.google.com/document/d/1CBF65WS71QOC4XiUH-KT2ZGDTp5ieSMSqC-d1NfoFCw/edit#heading=h.ptbvkvnv25r7
100,http://www.shutterstock.com
5986,https://www.wunderground.com/
95,http://www.nypost.com
4172,http://www.cbsnews.com
80,http://www.usnews.com
5700,http://www.news.com.au
103,http://www.time.com
98,http://www.theatlantic.com
7436,https://www.chron.com/
141,http://www.thehindu.com
3714,http://www.dw.com
3908,http://www.thedailybeast.com
75,http://www.latimes.com
69,http://www.sfgate.com
108,http://www.variety.com
74,http://www.hindustantimes.com
5311,http://www.expedia.com
1499,https://www.instagram.com/justintimberlake/
3500,https://www.facebook.com/DwayneJohnson/
3217,https://www.theguardian.com/international
3301,https://www.cbc.ca
4643,https://www.reddit.com
6765,https://www.cnn.com
4326,https://www.cnbc.com
356,https://www.weather.com
4035,https://www.nytimes.com
187,https://www.abcnews.com
5940,https://www.foxnews.com
3680,https://www.indiatimes.com
5673,https://www.hollywoodreporter.com
5502,https://www.huffingtonpost.com
16182,https://docs.google.com/document/d/1CBF65WS71QOC4XiUH-KT2ZGDTp5ieSMSqC-d1NfoFCw/edit#heading=h.ptbvkvnv25r7
102,http://www.shutterstock.com
6507,https://www.wunderground.com/
98,http://www.nypost.com
3783,http://www.cbsnews.com
144,http://www.usnews.com
5729,http://www.news.com.au
82,http://www.time.com
94,http://www.theatlantic.com
7952,https://www.chron.com/
72,http://www.thehindu.com
3342,http://www.dw.com
3877,http://www.thedailybeast.com
90,http://www.latimes.com
66,http://www.sfgate.com
64,http://www.variety.com
68,http://www.hindustantimes.com
5016,http://www.expedia.com
1534,https://www.instagram.com/justintimberlake/
3716,https://www.facebook.com/DwayneJohnson/
2783,https://www.theguardian.com/international
3140,https://www.cbc.ca
5069,https://www.reddit.com
5625,https://www.cnn.com
4666,https://www.cnbc.com
