3509,https://www.theguardian.com/international
15411,https://docs.google.com/document/d/1CBF65WS71QOC4XiUH-KT2ZGDTp5ieSMSqC-d1NfoFCw/edit#heading=h.ptbvkvnv25r7
4930,https://www.reddit.com
5471,http://www.expedia.com
1704,https://www.instagram.com/justintimberlake/
3501,https://www.facebook.com/DwayneJohnson/
74,http://www.theatlantic.com
3250,https://www.theguardian.com/international
15499,https://docs.google.com/document/d/1CBF65WS71QOC4XiUH-KT2ZGDTp5ieSMSqC-d1NfoFCw/edit#heading=h.ptbvkvnv25r7
4655,https://www.reddit.com
5447,http://www.expedia.com
1561,https://www.instagram.com/justintimberlake/
3793,https://www.facebook.com/DwayneJohnson/
73,http://www.theatlantic.com
2946,https://www.theguardian.com/international
15638,https://docs.google.com/document/d/1CBF65WS71QOC4XiUH-KT2ZGDTp5ieSMSqC-d1NfoFCw/edit#heading=h.ptbvkvnv25r7
4500,https://www.reddit.com
5142,http://www.expedia.com
1543,https://www.instagram.com/justintimberlake/
3404,https://www.facebook.com/DwayneJohnson/
55,http://www.theatlantic.com
3187,https://www.theguardian.com/international
15937,https://docs.google.com/document/d/1CBF65WS71QOC4XiUH-KT2ZGDTp5ieSMSqC-d1NfoFCw/edit#heading=h.ptbvkvnv25r7
5088,https://www.reddit.com
5394,http://www.expedia.com
1551,https://www.instagram.com/justintimberlake/
3476,https://www.facebook.com/DwayneJohnson/
74,http://www.theatlantic.com
3755,https://www.theguardian.com/international
15400,https://docs.google.com/document/d/1CBF65WS71QOC4XiUH-KT2ZGDTp5ieSMSqC-d1NfoFCw/edit#heading=h.ptbvkvnv25r7
5324,https://www.reddit.com
5394,http://www.expedia.com
1594,https://www.instagram.com/justintimberlake/
3939,https://www.facebook.com/DwayneJohnson/
63,http://www.theatlantic.com
3451,https://www.theguardian.com/international
15485,https://docs.google.com/document/d/1CBF65WS71QOC4XiUH-KT2ZGDTp5ieSMSqC-d1NfoFCw/edit#heading=h.ptbvkvnv25r7
4350,https://www.reddit.com
5426,http://www.expedia.com
1549,https://www.instagram.com/justintimberlake/
3578,https://www.facebook.com/DwayneJohnson/
93,http://www.theatlantic.com
3480,https://www.theguardian.com/international
15410,https://docs.google.com/document/d/1CBF65WS71QOC4XiUH-KT2ZGDTp5ieSMSqC-d1NfoFCw/edit#heading=h.ptbvkvnv25r7
4506,https://www.reddit.com
5173,http://www.expedia.com
1433,https://www.instagram.com/justintimberlake/
3368,https://www.facebook.com/DwayneJohnson/
83,http://www.theatlantic.com
3051,https://www.theguardian.com/international
15690,https://docs.google.com/document/d/1CBF65WS71QOC4XiUH-KT2ZGDTp5ieSMSqC-d1NfoFCw/edit#heading=h.ptbvkvnv25r7
4477,https://www.reddit.com
5071,http://www.expedia.com
1418,https://www.instagram.com/justintimberlake/
3608,https://www.facebook.com/DwayneJohnson/
106,http://www.theatlantic.com
2941,https://www.theguardian.com/international
15296,https://docs.google.com/document/d/1CBF65WS71QOC4XiUH-KT2ZGDTp5ieSMSqC-d1NfoFCw/edit#heading=h.ptbvkvnv25r7
4413,https://www.reddit.com
5244,http://www.expedia.com
1565,https://www.instagram.com/justintimberlake/
3417,https://www.facebook.com/DwayneJohnson/
136,http://www.theatlantic.com
3159,https://www.theguardian.com/international
15206,https://docs.google.com/document/d/1CBF65WS71QOC4XiUH-KT2ZGDTp5ieSMSqC-d1NfoFCw/edit#heading=h.ptbvkvnv25r7
5022,https://www.reddit.com
5377,http://www.expedia.com
1557,https://www.instagram.com/justintimberlake/
3465,https://www.facebook.com/DwayneJohnson/
65,http://www.theatlantic.com
3227,https://www.theguardian.com/international
15767,https://docs.google.com/document/d/1CBF65WS71QOC4XiUH-KT2ZGDTp5ieSMSqC-d1NfoFCw/edit#heading=h.ptbvkvnv25r7
4064,https://www.reddit.com
5143,http://www.expedia.com
1582,https://www.instagram.com/justintimberlake/
3851,https://www.facebook.com/DwayneJohnson/
73,http://www.theatlantic.com
3055,https://www.theguardian.com/international
15676,https://docs.google.com/document/d/1CBF65WS71QOC4XiUH-KT2ZGDTp5ieSMSqC-d1NfoFCw/edit#heading=h.ptbvkvnv25r7
4851,https://www.reddit.com
5443,http://www.expedia.com
1579,https://www.instagram.com/justintimberlake/
3602,https://www.facebook.com/DwayneJohnson/
85,http://www.theatlantic.com
3923,https://www.theguardian.com/international
15370,https://docs.google.com/document/d/1CBF65WS71QOC4XiUH-KT2ZGDTp5ieSMSqC-d1NfoFCw/edit#heading=h.ptbvkvnv25r7
4708,https://www.reddit.com
5618,http://www.expedia.com
1501,https://www.instagram.com/justintimberlake/
3674,https://www.facebook.com/DwayneJohnson/
121,http://www.theatlantic.com
3134,https://www.theguardian.com/international
15444,https://docs.google.com/document/d/1CBF65WS71QOC4XiUH-KT2ZGDTp5ieSMSqC-d1NfoFCw/edit#heading=h.ptbvkvnv25r7
4683,https://www.reddit.com
5200,http://www.expedia.com
1974,https://www.instagram.com/justintimberlake/
3671,https://www.facebook.com/DwayneJohnson/
133,http://www.theatlantic.com
3029,https://www.theguardian.com/international
15524,https://docs.google.com/document/d/1CBF65WS71QOC4XiUH-KT2ZGDTp5ieSMSqC-d1NfoFCw/edit#heading=h.ptbvkvnv25r7
4634,https://www.reddit.com
3341,http://www.expedia.com
1436,https://www.instagram.com/justintimberlake/
3470,https://www.facebook.com/DwayneJohnson/
92,http://www.theatlantic.com
3134,https://www.theguardian.com/international
15402,https://docs.google.com/document/d/1CBF65WS71QOC4XiUH-KT2ZGDTp5ieSMSqC-d1NfoFCw/edit#heading=h.ptbvkvnv25r7
4975,https://www.reddit.com
4867,http://www.expedia.com
1723,https://www.instagram.com/justintimberlake/
3356,https://www.facebook.com/DwayneJohnson/
72,http://www.theatlantic.com
3543,https://www.theguardian.com/international
16424,https://docs.google.com/document/d/1CBF65WS71QOC4XiUH-KT2ZGDTp5ieSMSqC-d1NfoFCw/edit#heading=h.ptbvkvnv25r7
4546,https://www.reddit.com
5367,http://www.expedia.com
1586,https://www.instagram.com/justintimberlake/
3495,https://www.facebook.com/DwayneJohnson/
58,http://www.theatlantic.com
2997,https://www.theguardian.com/international
15768,https://docs.google.com/document/d/1CBF65WS71QOC4XiUH-KT2ZGDTp5ieSMSqC-d1NfoFCw/edit#heading=h.ptbvkvnv25r7
4461,https://www.reddit.com
5434,http://www.expedia.com
1526,https://www.instagram.com/justintimberlake/
3892,https://www.facebook.com/DwayneJohnson/
69,http://www.theatlantic.com
2910,https://www.theguardian.com/international
15446,https://docs.google.com/document/d/1CBF65WS71QOC4XiUH-KT2ZGDTp5ieSMSqC-d1NfoFCw/edit#heading=h.ptbvkvnv25r7
4189,https://www.reddit.com
5523,http://www.expedia.com
1762,https://www.instagram.com/justintimberlake/
3398,https://www.facebook.com/DwayneJohnson/
96,http://www.theatlantic.com
3500,https://www.theguardian.com/international
15510,https://docs.google.com/document/d/1CBF65WS71QOC4XiUH-KT2ZGDTp5ieSMSqC-d1NfoFCw/edit#heading=h.ptbvkvnv25r7
4923,https://www.reddit.com
5398,http://www.expedia.com
1521,https://www.instagram.com/justintimberlake/
3664,https://www.facebook.com/DwayneJohnson/
52,http://www.theatlantic.com
2896,https://www.theguardian.com/international
15477,https://docs.google.com/document/d/1CBF65WS71QOC4XiUH-KT2ZGDTp5ieSMSqC-d1NfoFCw/edit#heading=h.ptbvkvnv25r7
4464,https://www.reddit.com
5388,http://www.expedia.com
1866,https://www.instagram.com/justintimberlake/
3736,https://www.facebook.com/DwayneJohnson/
91,http://www.theatlantic.com
3706,https://www.theguardian.com/international
15619,https://docs.google.com/document/d/1CBF65WS71QOC4XiUH-KT2ZGDTp5ieSMSqC-d1NfoFCw/edit#heading=h.ptbvkvnv25r7
4525,https://www.reddit.com
5180,http://www.expedia.com
2366,https://www.instagram.com/justintimberlake/
3552,https://www.facebook.com/DwayneJohnson/
53,http://www.theatlantic.com
3002,https://www.theguardian.com/international
16042,https://docs.google.com/document/d/1CBF65WS71QOC4XiUH-KT2ZGDTp5ieSMSqC-d1NfoFCw/edit#heading=h.ptbvkvnv25r7
4426,https://www.reddit.com
5229,http://www.expedia.com
1773,https://www.instagram.com/justintimberlake/
3435,https://www.facebook.com/DwayneJohnson/
55,http://www.theatlantic.com
3455,https://www.theguardian.com/international
15932,https://docs.google.com/document/d/1CBF65WS71QOC4XiUH-KT2ZGDTp5ieSMSqC-d1NfoFCw/edit#heading=h.ptbvkvnv25r7
4412,https://www.reddit.com
5670,http://www.expedia.com
1895,https://www.instagram.com/justintimberlake/
3736,https://www.facebook.com/DwayneJohnson/
85,http://www.theatlantic.com
3382,https://www.theguardian.com/international
15765,https://docs.google.com/document/d/1CBF65WS71QOC4XiUH-KT2ZGDTp5ieSMSqC-d1NfoFCw/edit#heading=h.ptbvkvnv25r7
4721,https://www.reddit.com
5233,http://www.expedia.com
1499,https://www.instagram.com/justintimberlake/
3417,https://www.facebook.com/DwayneJohnson/
66,http://www.theatlantic.com
2839,https://www.theguardian.com/international
15369,https://docs.google.com/document/d/1CBF65WS71QOC4XiUH-KT2ZGDTp5ieSMSqC-d1NfoFCw/edit#heading=h.ptbvkvnv25r7
4543,https://www.reddit.com
5192,http://www.expedia.com
1527,https://www.instagram.com/justintimberlake/
3479,https://www.facebook.com/DwayneJohnson/
99,http://www.theatlantic.com
3142,https://www.theguardian.com/international
15832,https://docs.google.com/document/d/1CBF65WS71QOC4XiUH-KT2ZGDTp5ieSMSqC-d1NfoFCw/edit#heading=h.ptbvkvnv25r7
4484,https://www.reddit.com
5336,http://www.expedia.com
1848,https://www.instagram.com/justintimberlake/
3470,https://www.facebook.com/DwayneJohnson/
68,http://www.theatlantic.com
2872,https://www.theguardian.com/international
15708,https://docs.google.com/document/d/1CBF65WS71QOC4XiUH-KT2ZGDTp5ieSMSqC-d1NfoFCw/edit#heading=h.ptbvkvnv25r7
4501,https://www.reddit.com
5242,http://www.expedia.com
1533,https://www.instagram.com/justintimberlake/
3586,https://www.facebook.com/DwayneJohnson/
76,http://www.theatlantic.com
3279,https://www.theguardian.com/international
15693,https://docs.google.com/document/d/1CBF65WS71QOC4XiUH-KT2ZGDTp5ieSMSqC-d1NfoFCw/edit#heading=h.ptbvkvnv25r7
4813,https://www.reddit.com
5455,http://www.expedia.com
1412,https://www.instagram.com/justintimberlake/
3658,https://www.facebook.com/DwayneJohnson/
86,http://www.theatlantic.com
3382,https://www.theguardian.com/international
15884,https://docs.google.com/document/d/1CBF65WS71QOC4XiUH-KT2ZGDTp5ieSMSqC-d1NfoFCw/edit#heading=h.ptbvkvnv25r7
4577,https://www.reddit.com
5821,http://www.expedia.com
1782,https://www.instagram.com/justintimberlake/
3391,https://www.facebook.com/DwayneJohnson/
94,http://www.theatlantic.com
4184,https://www.theguardian.com/international
15254,https://docs.google.com/document/d/1CBF65WS71QOC4XiUH-KT2ZGDTp5ieSMSqC-d1NfoFCw/edit#heading=h.ptbvkvnv25r7
5016,https://www.reddit.com
5454,http://www.expedia.com
1778,https://www.instagram.com/justintimberlake/
3415,https://www.facebook.com/DwayneJohnson/
114,http://www.theatlantic.com
3225,https://www.theguardian.com/international
15549,https://docs.google.com/document/d/1CBF65WS71QOC4XiUH-KT2ZGDTp5ieSMSqC-d1NfoFCw/edit#heading=h.ptbvkvnv25r7
4220,https://www.reddit.com
5255,http://www.expedia.com
1493,https://www.instagram.com/justintimberlake/
3668,https://www.facebook.com/DwayneJohnson/
64,http://www.theatlantic.com
3030,https://www.theguardian.com/international
15563,https://docs.google.com/document/d/1CBF65WS71QOC4XiUH-KT2ZGDTp5ieSMSqC-d1NfoFCw/edit#heading=h.ptbvkvnv25r7
4069,https://www.reddit.com
5217,http://www.expedia.com
1712,https://www.instagram.com/justintimberlake/
3532,https://www.facebook.com/DwayneJohnson/
64,http://www.theatlantic.com
3695,https://www.theguardian.com/international
16118,https://docs.google.com/document/d/1CBF65WS71QOC4XiUH-KT2ZGDTp5ieSMSqC-d1NfoFCw/edit#heading=h.ptbvkvnv25r7
4772,https://www.reddit.com
5250,http://www.expedia.com
1509,https://www.instagram.com/justintimberlake/
3456,https://www.facebook.com/DwayneJohnson/
93,http://www.theatlantic.com
2961,https://www.theguardian.com/international
16078,https://docs.google.com/document/d/1CBF65WS71QOC4XiUH-KT2ZGDTp5ieSMSqC-d1NfoFCw/edit#heading=h.ptbvkvnv25r7
4642,https://www.reddit.com
6055,http://www.expedia.com
1628,https://www.instagram.com/justintimberlake/
3903,https://www.facebook.com/DwayneJohnson/
106,http://www.theatlantic.com
3694,https://www.theguardian.com/international
15749,https://docs.google.com/document/d/1CBF65WS71QOC4XiUH-KT2ZGDTp5ieSMSqC-d1NfoFCw/edit#heading=h.ptbvkvnv25r7
4466,https://www.reddit.com
5466,http://www.expedia.com
2014,https://www.instagram.com/justintimberlake/
3505,https://www.facebook.com/DwayneJohnson/
108,http://www.theatlantic.com
2913,https://www.theguardian.com/international
15862,https://docs.google.com/document/d/1CBF65WS71QOC4XiUH-KT2ZGDTp5ieSMSqC-d1NfoFCw/edit#heading=h.ptbvkvnv25r7
5361,https://www.reddit.com
5429,http://www.expedia.com
1534,https://www.instagram.com/justintimberlake/
3440,https://www.facebook.com/DwayneJohnson/
97,http://www.theatlantic.com
3309,https://www.theguardian.com/international
15567,https://docs.google.com/document/d/1CBF65WS71QOC4XiUH-KT2ZGDTp5ieSMSqC-d1NfoFCw/edit#heading=h.ptbvkvnv25r7
4066,https://www.reddit.com
5779,http://www.expedia.com
1665,https://www.instagram.com/justintimberlake/
3892,https://www.facebook.com/DwayneJohnson/
91,http://www.theatlantic.com
2817,https://www.theguardian.com/international
15694,https://docs.google.com/document/d/1CBF65WS71QOC4XiUH-KT2ZGDTp5ieSMSqC-d1NfoFCw/edit#heading=h.ptbvkvnv25r7
4110,https://www.reddit.com
5214,http://www.expedia.com
1870,https://www.instagram.com/justintimberlake/
3575,https://www.facebook.com/DwayneJohnson/
50,http://www.theatlantic.com
3126,https://www.theguardian.com/international
15683,https://docs.google.com/document/d/1CBF65WS71QOC4XiUH-KT2ZGDTp5ieSMSqC-d1NfoFCw/edit#heading=h.ptbvkvnv25r7
4919,https://www.reddit.com
5316,http://www.expedia.com
1594,https://www.instagram.com/justintimberlake/
3326,https://www.facebook.com/DwayneJohnson/
95,http://www.theatlantic.com
3691,https://www.theguardian.com/international
15725,https://docs.google.com/document/d/1CBF65WS71QOC4XiUH-KT2ZGDTp5ieSMSqC-d1NfoFCw/edit#heading=h.ptbvkvnv25r7
5044,https://www.reddit.com
5160,http://www.expedia.com
1854,https://www.instagram.com/justintimberlake/
3523,https://www.facebook.com/DwayneJohnson/
71,http://www.theatlantic.com
3223,https://www.theguardian.com/international
15710,https://docs.google.com/document/d/1CBF65WS71QOC4XiUH-KT2ZGDTp5ieSMSqC-d1NfoFCw/edit#heading=h.ptbvkvnv25r7
4619,https://www.reddit.com
5714,http://www.expedia.com
1762,https://www.instagram.com/justintimberlake/
3695,https://www.facebook.com/DwayneJohnson/
88,http://www.theatlantic.com
3079,https://www.theguardian.com/international
15538,https://docs.google.com/document/d/1CBF65WS71QOC4XiUH-KT2ZGDTp5ieSMSqC-d1NfoFCw/edit#heading=h.ptbvkvnv25r7
4709,https://www.reddit.com
5642,http://www.expedia.com
1867,https://www.instagram.com/justintimberlake/
3414,https://www.facebook.com/DwayneJohnson/
95,http://www.theatlantic.com
2958,https://www.theguardian.com/international
15542,https://docs.google.com/document/d/1CBF65WS71QOC4XiUH-KT2ZGDTp5ieSMSqC-d1NfoFCw/edit#heading=h.ptbvkvnv25r7
4633,https://www.reddit.com
5263,http://www.expedia.com
1834,https://www.instagram.com/justintimberlake/
3668,https://www.facebook.com/DwayneJohnson/
66,http://www.theatlantic.com
3818,https://www.theguardian.com/international
15770,https://docs.google.com/document/d/1CBF65WS71QOC4XiUH-KT2ZGDTp5ieSMSqC-d1NfoFCw/edit#heading=h.ptbvkvnv25r7
4902,https://www.reddit.com
5248,http://www.expedia.com
1457,https://www.instagram.com/justintimberlake/
3597,https://www.facebook.com/DwayneJohnson/
131,http://www.theatlantic.com
3311,https://www.theguardian.com/international
15719,https://docs.google.com/document/d/1CBF65WS71QOC4XiUH-KT2ZGDTp5ieSMSqC-d1NfoFCw/edit#heading=h.ptbvkvnv25r7
5092,https://www.reddit.com
5632,http://www.expedia.com
1925,https://www.instagram.com/justintimberlake/
3529,https://www.facebook.com/DwayneJohnson/
99,http://www.theatlantic.com
3055,https://www.theguardian.com/international
15691,https://docs.google.com/document/d/1CBF65WS71QOC4XiUH-KT2ZGDTp5ieSMSqC-d1NfoFCw/edit#heading=h.ptbvkvnv25r7
4307,https://www.reddit.com
5487,http://www.expedia.com
1966,https://www.instagram.com/justintimberlake/
3576,https://www.facebook.com/DwayneJohnson/
98,http://www.theatlantic.com
2888,https://www.theguardian.com/international
15539,https://docs.google.com/document/d/1CBF65WS71QOC4XiUH-KT2ZGDTp5ieSMSqC-d1NfoFCw/edit#heading=h.ptbvkvnv25r7
4733,https://www.reddit.com
5748,http://www.expedia.com
1599,https://www.instagram.com/justintimberlake/
3405,https://www.facebook.com/DwayneJohnson/
104,http://www.theatlantic.com
3295,https://www.theguardian.com/international
15800,https://docs.google.com/document/d/1CBF65WS71QOC4XiUH-KT2ZGDTp5ieSMSqC-d1NfoFCw/edit#heading=h.ptbvkvnv25r7
4933,https://www.reddit.com
5789,http://www.expedia.com
1507,https://www.instagram.com/justintimberlake/
3506,https://www.facebook.com/DwayneJohnson/
66,http://www.theatlantic.com
2999,https://www.theguardian.com/international
15780,https://docs.google.com/document/d/1CBF65WS71QOC4XiUH-KT2ZGDTp5ieSMSqC-d1NfoFCw/edit#heading=h.ptbvkvnv25r7
4847,https://www.reddit.com
5376,http://www.expedia.com
1499,https://www.instagram.com/justintimberlake/
3453,https://www.facebook.com/DwayneJohnson/
101,http://www.theatlantic.com
3315,https://www.theguardian.com/international
16065,https://docs.google.com/document/d/1CBF65WS71QOC4XiUH-KT2ZGDTp5ieSMSqC-d1NfoFCw/edit#heading=h.ptbvkvnv25r7
4548,https://www.reddit.com
5618,http://www.expedia.com
1570,https://www.instagram.com/justintimberlake/
3570,https://www.facebook.com/DwayneJohnson/
59,http://www.theatlantic.com
4217,https://www.theguardian.com/international
16050,https://docs.google.com/document/d/1CBF65WS71QOC4XiUH-KT2ZGDTp5ieSMSqC-d1NfoFCw/edit#heading=h.ptbvkvnv25r7
4270,https://www.reddit.com
5372,http://www.expedia.com
1554,https://www.instagram.com/justintimberlake/
3515,https://www.facebook.com/DwayneJohnson/
98,http://www.theatlantic.com
3194,https://www.theguardian.com/international
15898,https://docs.google.com/document/d/1CBF65WS71QOC4XiUH-KT2ZGDTp5ieSMSqC-d1NfoFCw/edit#heading=h.ptbvkvnv25r7
4476,https://www.reddit.com
5419,http://www.expedia.com
1580,https://www.instagram.com/justintimberlake/
3492,https://www.facebook.com/DwayneJohnson/
94,http://www.theatlantic.com
3415,https://www.theguardian.com/international
15837,https://docs.google.com/document/d/1CBF65WS71QOC4XiUH-KT2ZGDTp5ieSMSqC-d1NfoFCw/edit#heading=h.ptbvkvnv25r7
5095,https://www.reddit.com
5607,http://www.expedia.com
1554,https://www.instagram.com/justintimberlake/
3592,https://www.facebook.com/DwayneJohnson/
95,http://www.theatlantic.com
3146,https://www.theguardian.com/international
15395,https://docs.google.com/document/d/1CBF65WS71QOC4XiUH-KT2ZGDTp5ieSMSqC-d1NfoFCw/edit#heading=h.ptbvkvnv25r7
4556,https://www.reddit.com
5055,http://www.expedia.com
1648,https://www.instagram.com/justintimberlake/
3654,https://www.facebook.com/DwayneJohnson/
86,http://www.theatlantic.com
3401,https://www.theguardian.com/international
15511,https://docs.google.com/document/d/1CBF65WS71QOC4XiUH-KT2ZGDTp5ieSMSqC-d1NfoFCw/edit#heading=h.ptbvkvnv25r7
4161,https://www.reddit.com
5034,http://www.expedia.com
1875,https://www.instagram.com/justintimberlake/
3618,https://www.facebook.com/DwayneJohnson/
94,http://www.theatlantic.com
3198,https://www.theguardian.com/international
15459,https://docs.google.com/document/d/1CBF65WS71QOC4XiUH-KT2ZGDTp5ieSMSqC-d1NfoFCw/edit#heading=h.ptbvkvnv25r7
5084,https://www.reddit.com
5164,http://www.expedia.com
1668,https://www.instagram.com/justintimberlake/
3435,https://www.facebook.com/DwayneJohnson/
65,http://www.theatlantic.com
3420,https://www.theguardian.com/international
16099,https://docs.google.com/document/d/1CBF65WS71QOC4XiUH-KT2ZGDTp5ieSMSqC-d1NfoFCw/edit#heading=h.ptbvkvnv25r7
4723,https://www.reddit.com
5075,http://www.expedia.com
2003,https://www.instagram.com/justintimberlake/
3738,https://www.facebook.com/DwayneJohnson/
70,http://www.theatlantic.com
3121,https://www.theguardian.com/international
16122,https://docs.google.com/document/d/1CBF65WS71QOC4XiUH-KT2ZGDTp5ieSMSqC-d1NfoFCw/edit#heading=h.ptbvkvnv25r7
4095,https://www.reddit.com
5318,http://www.expedia.com
1556,https://www.instagram.com/justintimberlake/
3600,https://www.facebook.com/DwayneJohnson/
81,http://www.theatlantic.com
3003,https://www.theguardian.com/international
15445,https://docs.google.com/document/d/1CBF65WS71QOC4XiUH-KT2ZGDTp5ieSMSqC-d1NfoFCw/edit#heading=h.ptbvkvnv25r7
4705,https://www.reddit.com
5407,http://www.expedia.com
1828,https://www.instagram.com/justintimberlake/
3393,https://www.facebook.com/DwayneJohnson/
52,http://www.theatlantic.com
3165,https://www.theguardian.com/international
15386,https://docs.google.com/document/d/1CBF65WS71QOC4XiUH-KT2ZGDTp5ieSMSqC-d1NfoFCw/edit#heading=h.ptbvkvnv25r7
4609,https://www.reddit.com
5887,http://www.expedia.com
1503,https://www.instagram.com/justintimberlake/
3440,https://www.facebook.com/DwayneJohnson/
62,http://www.theatlantic.com
2980,https://www.theguardian.com/international
16011,https://docs.google.com/document/d/1CBF65WS71QOC4XiUH-KT2ZGDTp5ieSMSqC-d1NfoFCw/edit#heading=h.ptbvkvnv25r7
4648,https://www.reddit.com
5621,http://www.expedia.com
1622,https://www.instagram.com/justintimberlake/
3596,https://www.facebook.com/DwayneJohnson/
102,http://www.theatlantic.com
3033,https://www.theguardian.com/international
16203,https://docs.google.com/document/d/1CBF65WS71QOC4XiUH-KT2ZGDTp5ieSMSqC-d1NfoFCw/edit#heading=h.ptbvkvnv25r7
5230,https://www.reddit.com
5311,http://www.expedia.com
1873,https://www.instagram.com/justintimberlake/
3636,https://www.facebook.com/DwayneJohnson/
63,http://www.theatlantic.com
3184,https://www.theguardian.com/international
15872,https://docs.google.com/document/d/1CBF65WS71QOC4XiUH-KT2ZGDTp5ieSMSqC-d1NfoFCw/edit#heading=h.ptbvkvnv25r7
4750,https://www.reddit.com
5706,http://www.expedia.com
1587,https://www.instagram.com/justintimberlake/
3453,https://www.facebook.com/DwayneJohnson/
88,http://www.theatlantic.com
2889,https://www.theguardian.com/international
15642,https://docs.google.com/document/d/1CBF65WS71QOC4XiUH-KT2ZGDTp5ieSMSqC-d1NfoFCw/edit#heading=h.ptbvkvnv25r7
4176,https://www.reddit.com
5372,http://www.expedia.com
1892,https://www.instagram.com/justintimberlake/
3757,https://www.facebook.com/DwayneJohnson/
50,http://www.theatlantic.com
2866,https://www.theguardian.com/international
16002,https://docs.google.com/document/d/1CBF65WS71QOC4XiUH-KT2ZGDTp5ieSMSqC-d1NfoFCw/edit#heading=h.ptbvkvnv25r7
4238,https://www.reddit.com
5616,http://www.expedia.com
1885,https://www.instagram.com/justintimberlake/
3564,https://www.facebook.com/DwayneJohnson/
118,http://www.theatlantic.com
3135,https://www.theguardian.com/international
15286,https://docs.google.com/document/d/1CBF65WS71QOC4XiUH-KT2ZGDTp5ieSMSqC-d1NfoFCw/edit#heading=h.ptbvkvnv25r7
4527,https://www.reddit.com
5213,http://www.expedia.com
1625,https://www.instagram.com/justintimberlake/
3508,https://www.facebook.com/DwayneJohnson/
100,http://www.theatlantic.com
2775,https://www.theguardian.com/international
15706,https://docs.google.com/document/d/1CBF65WS71QOC4XiUH-KT2ZGDTp5ieSMSqC-d1NfoFCw/edit#heading=h.ptbvkvnv25r7
4037,https://www.reddit.com
5510,http://www.expedia.com
1790,https://www.instagram.com/justintimberlake/
3464,https://www.facebook.com/DwayneJohnson/
110,http://www.theatlantic.com
3378,https://www.theguardian.com/international
15931,https://docs.google.com/document/d/1CBF65WS71QOC4XiUH-KT2ZGDTp5ieSMSqC-d1NfoFCw/edit#heading=h.ptbvkvnv25r7
4641,https://www.reddit.com
5331,http://www.expedia.com
1872,https://www.instagram.com/justintimberlake/
3548,https://www.facebook.com/DwayneJohnson/
90,http://www.theatlantic.com
3043,https://www.theguardian.com/international
15847,https://docs.google.com/document/d/1CBF65WS71QOC4XiUH-KT2ZGDTp5ieSMSqC-d1NfoFCw/edit#heading=h.ptbvkvnv25r7
5122,https://www.reddit.com
5064,http://www.expedia.com
1622,https://www.instagram.com/justintimberlake/
3538,https://www.facebook.com/DwayneJohnson/
62,http://www.theatlantic.com
3581,https://www.theguardian.com/international
15741,https://docs.google.com/document/d/1CBF65WS71QOC4XiUH-KT2ZGDTp5ieSMSqC-d1NfoFCw/edit#heading=h.ptbvkvnv25r7
4915,https://www.reddit.com
5368,http://www.expedia.com
1852,https://www.instagram.com/justintimberlake/
3463,https://www.facebook.com/DwayneJohnson/
73,http://www.theatlantic.com
3146,https://www.theguardian.com/international
15488,https://docs.google.com/document/d/1CBF65WS71QOC4XiUH-KT2ZGDTp5ieSMSqC-d1NfoFCw/edit#heading=h.ptbvkvnv25r7
4584,https://www.reddit.com
5266,http://www.expedia.com
1613,https://www.instagram.com/justintimberlake/
3796,https://www.facebook.com/DwayneJohnson/
58,http://www.theatlantic.com
3198,https://www.theguardian.com/international
15980,https://docs.google.com/document/d/1CBF65WS71QOC4XiUH-KT2ZGDTp5ieSMSqC-d1NfoFCw/edit#heading=h.ptbvkvnv25r7
4533,https://www.reddit.com
5230,http://www.expedia.com
1630,https://www.instagram.com/justintimberlake/
3435,https://www.facebook.com/DwayneJohnson/
72,http://www.theatlantic.com
2921,https://www.theguardian.com/international
15871,https://docs.google.com/document/d/1CBF65WS71QOC4XiUH-KT2ZGDTp5ieSMSqC-d1NfoFCw/edit#heading=h.ptbvkvnv25r7
4837,https://www.reddit.com
5653,http://www.expedia.com
1729,https://www.instagram.com/justintimberlake/
3586,https://www.facebook.com/DwayneJohnson/
80,http://www.theatlantic.com
3510,https://www.theguardian.com/international
16348,https://docs.google.com/document/d/1CBF65WS71QOC4XiUH-KT2ZGDTp5ieSMSqC-d1NfoFCw/edit#heading=h.ptbvkvnv25r7
4763,https://www.reddit.com
5503,http://www.expedia.com
1574,https://www.instagram.com/justintimberlake/
3691,https://www.facebook.com/DwayneJohnson/
51,http://www.theatlantic.com
2894,https://www.theguardian.com/international
15841,https://docs.google.com/document/d/1CBF65WS71QOC4XiUH-KT2ZGDTp5ieSMSqC-d1NfoFCw/edit#heading=h.ptbvkvnv25r7
4680,https://www.reddit.com
5295,http://www.expedia.com
2181,https://www.instagram.com/justintimberlake/
3516,https://www.facebook.com/DwayneJohnson/
70,http://www.theatlantic.com
3213,https://www.theguardian.com/international
15624,https://docs.google.com/document/d/1CBF65WS71QOC4XiUH-KT2ZGDTp5ieSMSqC-d1NfoFCw/edit#heading=h.ptbvkvnv25r7
6031,https://www.reddit.com
5887,http://www.expedia.com
1518,https://www.instagram.com/justintimberlake/
3474,https://www.facebook.com/DwayneJohnson/
64,http://www.theatlantic.com
3148,https://www.theguardian.com/international
16048,https://docs.google.com/document/d/1CBF65WS71QOC4XiUH-KT2ZGDTp5ieSMSqC-d1NfoFCw/edit#heading=h.ptbvkvnv25r7
5055,https://www.reddit.com
5590,http://www.expedia.com
1853,https://www.instagram.com/justintimberlake/
3743,https://www.facebook.com/DwayneJohnson/
47,http://www.theatlantic.com
3104,https://www.theguardian.com/international
15852,https://docs.google.com/document/d/1CBF65WS71QOC4XiUH-KT2ZGDTp5ieSMSqC-d1NfoFCw/edit#heading=h.ptbvkvnv25r7
4546,https://www.reddit.com
5489,http://www.expedia.com
1983,https://www.instagram.com/justintimberlake/
3785,https://www.facebook.com/DwayneJohnson/
