3251,https://www.theguardian.com/international
15305,https://docs.google.com/document/d/1CBF65WS71QOC4XiUH-KT2ZGDTp5ieSMSqC-d1NfoFCw/edit#heading=h.ptbvkvnv25r7
4670,https://www.reddit.com
5291,http://www.expedia.com
1768,https://www.instagram.com/justintimberlake/
3582,https://www.facebook.com/DwayneJohnson/
122,http://www.theatlantic.com
2921,https://www.theguardian.com/international
15703,https://docs.google.com/document/d/1CBF65WS71QOC4XiUH-KT2ZGDTp5ieSMSqC-d1NfoFCw/edit#heading=h.ptbvkvnv25r7
4738,https://www.reddit.com
4957,http://www.expedia.com
1566,https://www.instagram.com/justintimberlake/
3474,https://www.facebook.com/DwayneJohnson/
115,http://www.theatlantic.com
3169,https://www.theguardian.com/international
15917,https://docs.google.com/document/d/1CBF65WS71QOC4XiUH-KT2ZGDTp5ieSMSqC-d1NfoFCw/edit#heading=h.ptbvkvnv25r7
4741,https://www.reddit.com
5076,http://www.expedia.com
1810,https://www.instagram.com/justintimberlake/
3529,https://www.facebook.com/DwayneJohnson/
62,http://www.theatlantic.com
3030,https://www.theguardian.com/international
15773,https://docs.google.com/document/d/1CBF65WS71QOC4XiUH-KT2ZGDTp5ieSMSqC-d1NfoFCw/edit#heading=h.ptbvkvnv25r7
4653,https://www.reddit.com
5469,http://www.expedia.com
1765,https://www.instagram.com/justintimberlake/
3551,https://www.facebook.com/DwayneJohnson/
83,http://www.theatlantic.com
3068,https://www.theguardian.com/international
15851,https://docs.google.com/document/d/1CBF65WS71QOC4XiUH-KT2ZGDTp5ieSMSqC-d1NfoFCw/edit#heading=h.ptbvkvnv25r7
4111,https://www.reddit.com
5210,http://www.expedia.com
1538,https://www.instagram.com/justintimberlake/
3583,https://www.facebook.com/DwayneJohnson/
131,http://www.theatlantic.com
3650,https://www.theguardian.com/international
15404,https://docs.google.com/document/d/1CBF65WS71QOC4XiUH-KT2ZGDTp5ieSMSqC-d1NfoFCw/edit#heading=h.ptbvkvnv25r7
4698,https://www.reddit.com
5523,http://www.expedia.com
1583,https://www.instagram.com/justintimberlake/
3418,https://www.facebook.com/DwayneJohnson/
64,http://www.theatlantic.com
2952,https://www.theguardian.com/international
15687,https://docs.google.com/document/d/1CBF65WS71QOC4XiUH-KT2ZGDTp5ieSMSqC-d1NfoFCw/edit#heading=h.ptbvkvnv25r7
4493,https://www.reddit.com
5042,http://www.expedia.com
1534,https://www.instagram.com/justintimberlake/
3898,https://www.facebook.com/DwayneJohnson/
133,http://www.theatlantic.com
2838,https://www.theguardian.com/international
15281,https://docs.google.com/document/d/1CBF65WS71QOC4XiUH-KT2ZGDTp5ieSMSqC-d1NfoFCw/edit#heading=h.ptbvkvnv25r7
4734,https://www.reddit.com
5093,http://www.expedia.com
1859,https://www.instagram.com/justintimberlake/
3463,https://www.facebook.com/DwayneJohnson/
81,http://www.theatlantic.com
3889,https://www.theguardian.com/international
15200,https://docs.google.com/document/d/1CBF65WS71QOC4XiUH-KT2ZGDTp5ieSMSqC-d1NfoFCw/edit#heading=h.ptbvkvnv25r7
4763,https://www.reddit.com
5244,http://www.expedia.com
1450,https://www.instagram.com/justintimberlake/
3375,https://www.facebook.com/DwayneJohnson/
86,http://www.theatlantic.com
2702,https://www.theguardian.com/international
15825,https://docs.google.com/document/d/1CBF65WS71QOC4XiUH-KT2ZGDTp5ieSMSqC-d1NfoFCw/edit#heading=h.ptbvkvnv25r7
4490,https://www.reddit.com
5357,http://www.expedia.com
1481,https://www.instagram.com/justintimberlake/
3366,https://www.facebook.com/DwayneJohnson/
72,http://www.theatlantic.com
2897,https://www.theguardian.com/international
15393,https://docs.google.com/document/d/1CBF65WS71QOC4XiUH-KT2ZGDTp5ieSMSqC-d1NfoFCw/edit#heading=h.ptbvkvnv25r7
4660,https://www.reddit.com
5357,http://www.expedia.com
1750,https://www.instagram.com/justintimberlake/
3475,https://www.facebook.com/DwayneJohnson/
129,http://www.theatlantic.com
3240,https://www.theguardian.com/international
15602,https://docs.google.com/document/d/1CBF65WS71QOC4XiUH-KT2ZGDTp5ieSMSqC-d1NfoFCw/edit#heading=h.ptbvkvnv25r7
4609,https://www.reddit.com
5470,http://www.expedia.com
1476,https://www.instagram.com/justintimberlake/
3310,https://www.facebook.com/DwayneJohnson/
79,http://www.theatlantic.com
2811,https://www.theguardian.com/international
15011,https://docs.google.com/document/d/1CBF65WS71QOC4XiUH-KT2ZGDTp5ieSMSqC-d1NfoFCw/edit#heading=h.ptbvkvnv25r7
4591,https://www.reddit.com
5204,http://www.expedia.com
1773,https://www.instagram.com/justintimberlake/
3854,https://www.facebook.com/DwayneJohnson/
110,http://www.theatlantic.com
2806,https://www.theguardian.com/international
15005,https://docs.google.com/document/d/1CBF65WS71QOC4XiUH-KT2ZGDTp5ieSMSqC-d1NfoFCw/edit#heading=h.ptbvkvnv25r7
4262,https://www.reddit.com
5014,http://www.expedia.com
1518,https://www.instagram.com/justintimberlake/
3306,https://www.facebook.com/DwayneJohnson/
65,http://www.theatlantic.com
3422,https://www.theguardian.com/international
15310,https://docs.google.com/document/d/1CBF65WS71QOC4XiUH-KT2ZGDTp5ieSMSqC-d1NfoFCw/edit#heading=h.ptbvkvnv25r7
4129,https://www.reddit.com
5709,http://www.expedia.com
1652,https://www.instagram.com/justintimberlake/
3371,https://www.facebook.com/DwayneJohnson/
86,http://www.theatlantic.com
3072,https://www.theguardian.com/international
15554,https://docs.google.com/document/d/1CBF65WS71QOC4XiUH-KT2ZGDTp5ieSMSqC-d1NfoFCw/edit#heading=h.ptbvkvnv25r7
4764,https://www.reddit.com
5529,http://www.expedia.com
1899,https://www.instagram.com/justintimberlake/
3436,https://www.facebook.com/DwayneJohnson/
68,http://www.theatlantic.com
3750,https://www.theguardian.com/international
15387,https://docs.google.com/document/d/1CBF65WS71QOC4XiUH-KT2ZGDTp5ieSMSqC-d1NfoFCw/edit#heading=h.ptbvkvnv25r7
4089,https://www.reddit.com
5263,http://www.expedia.com
1848,https://www.instagram.com/justintimberlake/
3289,https://www.facebook.com/DwayneJohnson/
134,http://www.theatlantic.com
3001,https://www.theguardian.com/international
15604,https://docs.google.com/document/d/1CBF65WS71QOC4XiUH-KT2ZGDTp5ieSMSqC-d1NfoFCw/edit#heading=h.ptbvkvnv25r7
4907,https://www.reddit.com
5283,http://www.expedia.com
1839,https://www.instagram.com/justintimberlake/
3474,https://www.facebook.com/DwayneJohnson/
59,http://www.theatlantic.com
3164,https://www.theguardian.com/international
15720,https://docs.google.com/document/d/1CBF65WS71QOC4XiUH-KT2ZGDTp5ieSMSqC-d1NfoFCw/edit#heading=h.ptbvkvnv25r7
4802,https://www.reddit.com
5717,http://www.expedia.com
1527,https://www.instagram.com/justintimberlake/
3400,https://www.facebook.com/DwayneJohnson/
62,http://www.theatlantic.com
2841,https://www.theguardian.com/international
15149,https://docs.google.com/document/d/1CBF65WS71QOC4XiUH-KT2ZGDTp5ieSMSqC-d1NfoFCw/edit#heading=h.ptbvkvnv25r7
4790,https://www.reddit.com
5963,http://www.expedia.com
1812,https://www.instagram.com/justintimberlake/
3685,https://www.facebook.com/DwayneJohnson/
86,http://www.theatlantic.com
2806,https://www.theguardian.com/international
15933,https://docs.google.com/document/d/1CBF65WS71QOC4XiUH-KT2ZGDTp5ieSMSqC-d1NfoFCw/edit#heading=h.ptbvkvnv25r7
4540,https://www.reddit.com
5211,http://www.expedia.com
1575,https://www.instagram.com/justintimberlake/
3492,https://www.facebook.com/DwayneJohnson/
92,http://www.theatlantic.com
3341,https://www.theguardian.com/international
15500,https://docs.google.com/document/d/1CBF65WS71QOC4XiUH-KT2ZGDTp5ieSMSqC-d1NfoFCw/edit#heading=h.ptbvkvnv25r7
4445,https://www.reddit.com
5396,http://www.expedia.com
1518,https://www.instagram.com/justintimberlake/
3484,https://www.facebook.com/DwayneJohnson/
66,http://www.theatlantic.com
3033,https://www.theguardian.com/international
15735,https://docs.google.com/document/d/1CBF65WS71QOC4XiUH-KT2ZGDTp5ieSMSqC-d1NfoFCw/edit#heading=h.ptbvkvnv25r7
4534,https://www.reddit.com
5304,http://www.expedia.com
1501,https://www.instagram.com/justintimberlake/
3560,https://www.facebook.com/DwayneJohnson/
62,http://www.theatlantic.com
2725,https://www.theguardian.com/international
15861,https://docs.google.com/document/d/1CBF65WS71QOC4XiUH-KT2ZGDTp5ieSMSqC-d1NfoFCw/edit#heading=h.ptbvkvnv25r7
4373,https://www.reddit.com
5162,http://www.expedia.com
1544,https://www.instagram.com/justintimberlake/
3709,https://www.facebook.com/DwayneJohnson/
64,http://www.theatlantic.com
3239,https://www.theguardian.com/international
15358,https://docs.google.com/document/d/1CBF65WS71QOC4XiUH-KT2ZGDTp5ieSMSqC-d1NfoFCw/edit#heading=h.ptbvkvnv25r7
4932,https://www.reddit.com
5548,http://www.expedia.com
1924,https://www.instagram.com/justintimberlake/
3514,https://www.facebook.com/DwayneJohnson/
97,http://www.theatlantic.com
2948,https://www.theguardian.com/international
15855,https://docs.google.com/document/d/1CBF65WS71QOC4XiUH-KT2ZGDTp5ieSMSqC-d1NfoFCw/edit#heading=h.ptbvkvnv25r7
4566,https://www.reddit.com
5024,http://www.expedia.com
1851,https://www.instagram.com/justintimberlake/
3553,https://www.facebook.com/DwayneJohnson/
87,http://www.theatlantic.com
3150,https://www.theguardian.com/international
15721,https://docs.google.com/document/d/1CBF65WS71QOC4XiUH-KT2ZGDTp5ieSMSqC-d1NfoFCw/edit#heading=h.ptbvkvnv25r7
4617,https://www.reddit.com
5162,http://www.expedia.com
1901,https://www.instagram.com/justintimberlake/
3345,https://www.facebook.com/DwayneJohnson/
79,http://www.theatlantic.com
3317,https://www.theguardian.com/international
15969,https://docs.google.com/document/d/1CBF65WS71QOC4XiUH-KT2ZGDTp5ieSMSqC-d1NfoFCw/edit#heading=h.ptbvkvnv25r7
5129,https://www.reddit.com
5053,http://www.expedia.com
1479,https://www.instagram.com/justintimberlake/
3468,https://www.facebook.com/DwayneJohnson/
66,http://www.theatlantic.com
2761,https://www.theguardian.com/international
15742,https://docs.google.com/document/d/1CBF65WS71QOC4XiUH-KT2ZGDTp5ieSMSqC-d1NfoFCw/edit#heading=h.ptbvkvnv25r7
4754,https://www.reddit.com
5064,http://www.expedia.com
1945,https://www.instagram.com/justintimberlake/
3571,https://www.facebook.com/DwayneJohnson/
65,http://www.theatlantic.com
3172,https://www.theguardian.com/international
15839,https://docs.google.com/document/d/1CBF65WS71QOC4XiUH-KT2ZGDTp5ieSMSqC-d1NfoFCw/edit#heading=h.ptbvkvnv25r7
4692,https://www.reddit.com
5376,http://www.expedia.com
1833,https://www.instagram.com/justintimberlake/
3406,https://www.facebook.com/DwayneJohnson/
93,http://www.theatlantic.com
3233,https://www.theguardian.com/international
15348,https://docs.google.com/document/d/1CBF65WS71QOC4XiUH-KT2ZGDTp5ieSMSqC-d1NfoFCw/edit#heading=h.ptbvkvnv25r7
4101,https://www.reddit.com
5385,http://www.expedia.com
1517,https://www.instagram.com/justintimberlake/
3530,https://www.facebook.com/DwayneJohnson/
61,http://www.theatlantic.com
2821,https://www.theguardian.com/international
16064,https://docs.google.com/document/d/1CBF65WS71QOC4XiUH-KT2ZGDTp5ieSMSqC-d1NfoFCw/edit#heading=h.ptbvkvnv25r7
4558,https://www.reddit.com
5407,http://www.expedia.com
1495,https://www.instagram.com/justintimberlake/
3311,https://www.facebook.com/DwayneJohnson/
67,http://www.theatlantic.com
3509,https://www.theguardian.com/international
15807,https://docs.google.com/document/d/1CBF65WS71QOC4XiUH-KT2ZGDTp5ieSMSqC-d1NfoFCw/edit#heading=h.ptbvkvnv25r7
5296,https://www.reddit.com
5516,http://www.expedia.com
1521,https://www.instagram.com/justintimberlake/
3437,https://www.facebook.com/DwayneJohnson/
97,http://www.theatlantic.com
3252,https://www.theguardian.com/international
15888,https://docs.google.com/document/d/1CBF65WS71QOC4XiUH-KT2ZGDTp5ieSMSqC-d1NfoFCw/edit#heading=h.ptbvkvnv25r7
4600,https://www.reddit.com
5151,http://www.expedia.com
1873,https://www.instagram.com/justintimberlake/
3626,https://www.facebook.com/DwayneJohnson/
74,http://www.theatlantic.com
3231,https://www.theguardian.com/international
16022,https://docs.google.com/document/d/1CBF65WS71QOC4XiUH-KT2ZGDTp5ieSMSqC-d1NfoFCw/edit#heading=h.ptbvkvnv25r7
4544,https://www.reddit.com
5395,http://www.expedia.com
1697,https://www.instagram.com/justintimberlake/
3514,https://www.facebook.com/DwayneJohnson/
84,http://www.theatlantic.com
3212,https://www.theguardian.com/international
15762,https://docs.google.com/document/d/1CBF65WS71QOC4XiUH-KT2ZGDTp5ieSMSqC-d1NfoFCw/edit#heading=h.ptbvkvnv25r7
4363,https://www.reddit.com
5203,http://www.expedia.com
1544,https://www.instagram.com/justintimberlake/
3565,https://www.facebook.com/DwayneJohnson/
66,http://www.theatlantic.com
3196,https://www.theguardian.com/international
16148,https://docs.google.com/document/d/1CBF65WS71QOC4XiUH-KT2ZGDTp5ieSMSqC-d1NfoFCw/edit#heading=h.ptbvkvnv25r7
4481,https://www.reddit.com
5114,http://www.expedia.com
1869,https://www.instagram.com/justintimberlake/
3490,https://www.facebook.com/DwayneJohnson/
84,http://www.theatlantic.com
2840,https://www.theguardian.com/international
15560,https://docs.google.com/document/d/1CBF65WS71QOC4XiUH-KT2ZGDTp5ieSMSqC-d1NfoFCw/edit#heading=h.ptbvkvnv25r7
5493,https://www.reddit.com
5440,http://www.expedia.com
1525,https://www.instagram.com/justintimberlake/
3415,https://www.facebook.com/DwayneJohnson/
66,http://www.theatlantic.com
3083,https://www.theguardian.com/international
15650,https://docs.google.com/document/d/1CBF65WS71QOC4XiUH-KT2ZGDTp5ieSMSqC-d1NfoFCw/edit#heading=h.ptbvkvnv25r7
4892,https://www.reddit.com
5014,http://www.expedia.com
1535,https://www.instagram.com/justintimberlake/
3625,https://www.facebook.com/DwayneJohnson/
72,http://www.theatlantic.com
3431,https://www.theguardian.com/international
15480,https://docs.google.com/document/d/1CBF65WS71QOC4XiUH-KT2ZGDTp5ieSMSqC-d1NfoFCw/edit#heading=h.ptbvkvnv25r7
4551,https://www.reddit.com
5009,http://www.expedia.com
1537,https://www.instagram.com/justintimberlake/
3653,https://www.facebook.com/DwayneJohnson/
88,http://www.theatlantic.com
2843,https://www.theguardian.com/international
15673,https://docs.google.com/document/d/1CBF65WS71QOC4XiUH-KT2ZGDTp5ieSMSqC-d1NfoFCw/edit#heading=h.ptbvkvnv25r7
4176,https://www.reddit.com
5190,http://www.expedia.com
1771,https://www.instagram.com/justintimberlake/
3401,https://www.facebook.com/DwayneJohnson/
91,http://www.theatlantic.com
3049,https://www.theguardian.com/international
15194,https://docs.google.com/document/d/1CBF65WS71QOC4XiUH-KT2ZGDTp5ieSMSqC-d1NfoFCw/edit#heading=h.ptbvkvnv25r7
4578,https://www.reddit.com
5421,http://www.expedia.com
1944,https://www.instagram.com/justintimberlake/
3469,https://www.facebook.com/DwayneJohnson/
87,http://www.theatlantic.com
4496,https://www.theguardian.com/international
15520,https://docs.google.com/document/d/1CBF65WS71QOC4XiUH-KT2ZGDTp5ieSMSqC-d1NfoFCw/edit#heading=h.ptbvkvnv25r7
4881,https://www.reddit.com
5315,http://www.expedia.com
1655,https://www.instagram.com/justintimberlake/
3541,https://www.facebook.com/DwayneJohnson/
67,http://www.theatlantic.com
3225,https://www.theguardian.com/international
15882,https://docs.google.com/document/d/1CBF65WS71QOC4XiUH-KT2ZGDTp5ieSMSqC-d1NfoFCw/edit#heading=h.ptbvkvnv25r7
5195,https://www.reddit.com
4875,http://www.expedia.com
1494,https://www.instagram.com/justintimberlake/
3565,https://www.facebook.com/DwayneJohnson/
65,http://www.theatlantic.com
3456,https://www.theguardian.com/international
15698,https://docs.google.com/document/d/1CBF65WS71QOC4XiUH-KT2ZGDTp5ieSMSqC-d1NfoFCw/edit#heading=h.ptbvkvnv25r7
4177,https://www.reddit.com
5150,http://www.expedia.com
1915,https://www.instagram.com/justintimberlake/
3423,https://www.facebook.com/DwayneJohnson/
106,http://www.theatlantic.com
2743,https://www.theguardian.com/international
15468,https://docs.google.com/document/d/1CBF65WS71QOC4XiUH-KT2ZGDTp5ieSMSqC-d1NfoFCw/edit#heading=h.ptbvkvnv25r7
4746,https://www.reddit.com
5478,http://www.expedia.com
1458,https://www.instagram.com/justintimberlake/
3967,https://www.facebook.com/DwayneJohnson/
66,http://www.theatlantic.com
3045,https://www.theguardian.com/international
15793,https://docs.google.com/document/d/1CBF65WS71QOC4XiUH-KT2ZGDTp5ieSMSqC-d1NfoFCw/edit#heading=h.ptbvkvnv25r7
4875,https://www.reddit.com
5505,http://www.expedia.com
1894,https://www.instagram.com/justintimberlake/
3636,https://www.facebook.com/DwayneJohnson/
67,http://www.theatlantic.com
3557,https://www.theguardian.com/international
15319,https://docs.google.com/document/d/1CBF65WS71QOC4XiUH-KT2ZGDTp5ieSMSqC-d1NfoFCw/edit#heading=h.ptbvkvnv25r7
4574,https://www.reddit.com
5520,http://www.expedia.com
1482,https://www.instagram.com/justintimberlake/
3404,https://www.facebook.com/DwayneJohnson/
67,http://www.theatlantic.com
2769,https://www.theguardian.com/international
15693,https://docs.google.com/document/d/1CBF65WS71QOC4XiUH-KT2ZGDTp5ieSMSqC-d1NfoFCw/edit#heading=h.ptbvkvnv25r7
4293,https://www.reddit.com
5459,http://www.expedia.com
1526,https://www.instagram.com/justintimberlake/
3437,https://www.facebook.com/DwayneJohnson/
84,http://www.theatlantic.com
3948,https://www.theguardian.com/international
14757,https://docs.google.com/document/d/1CBF65WS71QOC4XiUH-KT2ZGDTp5ieSMSqC-d1NfoFCw/edit#heading=h.ptbvkvnv25r7
4461,https://www.reddit.com
5556,http://www.expedia.com
1849,https://www.instagram.com/justintimberlake/
3679,https://www.facebook.com/DwayneJohnson/
113,http://www.theatlantic.com
2863,https://www.theguardian.com/international
15762,https://docs.google.com/document/d/1CBF65WS71QOC4XiUH-KT2ZGDTp5ieSMSqC-d1NfoFCw/edit#heading=h.ptbvkvnv25r7
4071,https://www.reddit.com
5201,http://www.expedia.com
1826,https://www.instagram.com/justintimberlake/
3475,https://www.facebook.com/DwayneJohnson/
65,http://www.theatlantic.com
3205,https://www.theguardian.com/international
15618,https://docs.google.com/document/d/1CBF65WS71QOC4XiUH-KT2ZGDTp5ieSMSqC-d1NfoFCw/edit#heading=h.ptbvkvnv25r7
5139,https://www.reddit.com
5321,http://www.expedia.com
1528,https://www.instagram.com/justintimberlake/
3816,https://www.facebook.com/DwayneJohnson/
82,http://www.theatlantic.com
3503,https://www.theguardian.com/international
15843,https://docs.google.com/document/d/1CBF65WS71QOC4XiUH-KT2ZGDTp5ieSMSqC-d1NfoFCw/edit#heading=h.ptbvkvnv25r7
4834,https://www.reddit.com
5356,http://www.expedia.com
1538,https://www.instagram.com/justintimberlake/
3503,https://www.facebook.com/DwayneJohnson/
83,http://www.theatlantic.com
2773,https://www.theguardian.com/international
15763,https://docs.google.com/document/d/1CBF65WS71QOC4XiUH-KT2ZGDTp5ieSMSqC-d1NfoFCw/edit#heading=h.ptbvkvnv25r7
4435,https://www.reddit.com
5268,http://www.expedia.com
1537,https://www.instagram.com/justintimberlake/
3671,https://www.facebook.com/DwayneJohnson/
73,http://www.theatlantic.com
3386,https://www.theguardian.com/international
15701,https://docs.google.com/document/d/1CBF65WS71QOC4XiUH-KT2ZGDTp5ieSMSqC-d1NfoFCw/edit#heading=h.ptbvkvnv25r7
4325,https://www.reddit.com
5268,http://www.expedia.com
1533,https://www.instagram.com/justintimberlake/
3426,https://www.facebook.com/DwayneJohnson/
81,http://www.theatlantic.com
3258,https://www.theguardian.com/international
16150,https://docs.google.com/document/d/1CBF65WS71QOC4XiUH-KT2ZGDTp5ieSMSqC-d1NfoFCw/edit#heading=h.ptbvkvnv25r7
4133,https://www.reddit.com
5077,http://www.expedia.com
1643,https://www.instagram.com/justintimberlake/
3460,https://www.facebook.com/DwayneJohnson/
69,http://www.theatlantic.com
3382,https://www.theguardian.com/international
15370,https://docs.google.com/document/d/1CBF65WS71QOC4XiUH-KT2ZGDTp5ieSMSqC-d1NfoFCw/edit#heading=h.ptbvkvnv25r7
4602,https://www.reddit.com
5218,http://www.expedia.com
1628,https://www.instagram.com/justintimberlake/
3497,https://www.facebook.com/DwayneJohnson/
67,http://www.theatlantic.com
3719,https://www.theguardian.com/international
15894,https://docs.google.com/document/d/1CBF65WS71QOC4XiUH-KT2ZGDTp5ieSMSqC-d1NfoFCw/edit#heading=h.ptbvkvnv25r7
4141,https://www.reddit.com
4967,http://www.expedia.com
1832,https://www.instagram.com/justintimberlake/
3741,https://www.facebook.com/DwayneJohnson/
107,http://www.theatlantic.com
3132,https://www.theguardian.com/international
15644,https://docs.google.com/document/d/1CBF65WS71QOC4XiUH-KT2ZGDTp5ieSMSqC-d1NfoFCw/edit#heading=h.ptbvkvnv25r7
4574,https://www.reddit.com
5431,http://www.expedia.com
1525,https://www.instagram.com/justintimberlake/
3382,https://www.facebook.com/DwayneJohnson/
64,http://www.theatlantic.com
3025,https://www.theguardian.com/international
15527,https://docs.google.com/document/d/1CBF65WS71QOC4XiUH-KT2ZGDTp5ieSMSqC-d1NfoFCw/edit#heading=h.ptbvkvnv25r7
4583,https://www.reddit.com
5344,http://www.expedia.com
1479,https://www.instagram.com/justintimberlake/
3288,https://www.facebook.com/DwayneJohnson/
127,http://www.theatlantic.com
2853,https://www.theguardian.com/international
15456,https://docs.google.com/document/d/1CBF65WS71QOC4XiUH-KT2ZGDTp5ieSMSqC-d1NfoFCw/edit#heading=h.ptbvkvnv25r7
4583,https://www.reddit.com
5300,http://www.expedia.com
1618,https://www.instagram.com/justintimberlake/
3740,https://www.facebook.com/DwayneJohnson/
156,http://www.theatlantic.com
2753,https://www.theguardian.com/international
15546,https://docs.google.com/document/d/1CBF65WS71QOC4XiUH-KT2ZGDTp5ieSMSqC-d1NfoFCw/edit#heading=h.ptbvkvnv25r7
4259,https://www.reddit.com
4990,http://www.expedia.com
1855,https://www.instagram.com/justintimberlake/
3489,https://www.facebook.com/DwayneJohnson/
95,http://www.theatlantic.com
3413,https://www.theguardian.com/international
15727,https://docs.google.com/document/d/1CBF65WS71QOC4XiUH-KT2ZGDTp5ieSMSqC-d1NfoFCw/edit#heading=h.ptbvkvnv25r7
4557,https://www.reddit.com
5140,http://www.expedia.com
1579,https://www.instagram.com/justintimberlake/
3538,https://www.facebook.com/DwayneJohnson/
72,http://www.theatlantic.com
3068,https://www.theguardian.com/international
15696,https://docs.google.com/document/d/1CBF65WS71QOC4XiUH-KT2ZGDTp5ieSMSqC-d1NfoFCw/edit#heading=h.ptbvkvnv25r7
4647,https://www.reddit.com
5454,http://www.expedia.com
1915,https://www.instagram.com/justintimberlake/
3707,https://www.facebook.com/DwayneJohnson/
63,http://www.theatlantic.com
4045,https://www.theguardian.com/international
15638,https://docs.google.com/document/d/1CBF65WS71QOC4XiUH-KT2ZGDTp5ieSMSqC-d1NfoFCw/edit#heading=h.ptbvkvnv25r7
5000,https://www.reddit.com
5615,http://www.expedia.com
1588,https://www.instagram.com/justintimberlake/
3587,https://www.facebook.com/DwayneJohnson/
72,http://www.theatlantic.com
3281,https://www.theguardian.com/international
15409,https://docs.google.com/document/d/1CBF65WS71QOC4XiUH-KT2ZGDTp5ieSMSqC-d1NfoFCw/edit#heading=h.ptbvkvnv25r7
4977,https://www.reddit.com
5560,http://www.expedia.com
1882,https://www.instagram.com/justintimberlake/
3406,https://www.facebook.com/DwayneJohnson/
88,http://www.theatlantic.com
3204,https://www.theguardian.com/international
15567,https://docs.google.com/document/d/1CBF65WS71QOC4XiUH-KT2ZGDTp5ieSMSqC-d1NfoFCw/edit#heading=h.ptbvkvnv25r7
4511,https://www.reddit.com
5701,http://www.expedia.com
1787,https://www.instagram.com/justintimberlake/
3532,https://www.facebook.com/DwayneJohnson/
98,http://www.theatlantic.com
2912,https://www.theguardian.com/international
15692,https://docs.google.com/document/d/1CBF65WS71QOC4XiUH-KT2ZGDTp5ieSMSqC-d1NfoFCw/edit#heading=h.ptbvkvnv25r7
4408,https://www.reddit.com
5372,http://www.expedia.com
1612,https://www.instagram.com/justintimberlake/
3481,https://www.facebook.com/DwayneJohnson/
63,http://www.theatlantic.com
3488,https://www.theguardian.com/international
15846,https://docs.google.com/document/d/1CBF65WS71QOC4XiUH-KT2ZGDTp5ieSMSqC-d1NfoFCw/edit#heading=h.ptbvkvnv25r7
5060,https://www.reddit.com
5022,http://www.expedia.com
1690,https://www.instagram.com/justintimberlake/
3625,https://www.facebook.com/DwayneJohnson/
67,http://www.theatlantic.com
2928,https://www.theguardian.com/international
15373,https://docs.google.com/document/d/1CBF65WS71QOC4XiUH-KT2ZGDTp5ieSMSqC-d1NfoFCw/edit#heading=h.ptbvkvnv25r7
4660,https://www.reddit.com
5269,http://www.expedia.com
1524,https://www.instagram.com/justintimberlake/
3581,https://www.facebook.com/DwayneJohnson/
64,http://www.theatlantic.com
2766,https://www.theguardian.com/international
15711,https://docs.google.com/document/d/1CBF65WS71QOC4XiUH-KT2ZGDTp5ieSMSqC-d1NfoFCw/edit#heading=h.ptbvkvnv25r7
4633,https://www.reddit.com
5356,http://www.expedia.com
1458,https://www.instagram.com/justintimberlake/
3547,https://www.facebook.com/DwayneJohnson/
70,http://www.theatlantic.com
3144,https://www.theguardian.com/international
15883,https://docs.google.com/document/d/1CBF65WS71QOC4XiUH-KT2ZGDTp5ieSMSqC-d1NfoFCw/edit#heading=h.ptbvkvnv25r7
4647,https://www.reddit.com
5585,http://www.expedia.com
1733,https://www.instagram.com/justintimberlake/
3585,https://www.facebook.com/DwayneJohnson/
60,http://www.theatlantic.com
3309,https://www.theguardian.com/international
15651,https://docs.google.com/document/d/1CBF65WS71QOC4XiUH-KT2ZGDTp5ieSMSqC-d1NfoFCw/edit#heading=h.ptbvkvnv25r7
5175,https://www.reddit.com
5222,http://www.expedia.com
1798,https://www.instagram.com/justintimberlake/
3578,https://www.facebook.com/DwayneJohnson/
59,http://www.theatlantic.com
3980,https://www.theguardian.com/international
15416,https://docs.google.com/document/d/1CBF65WS71QOC4XiUH-KT2ZGDTp5ieSMSqC-d1NfoFCw/edit#heading=h.ptbvkvnv25r7
4624,https://www.reddit.com
5379,http://www.expedia.com
1517,https://www.instagram.com/justintimberlake/
3519,https://www.facebook.com/DwayneJohnson/
86,http://www.theatlantic.com
2847,https://www.theguardian.com/international
16069,https://docs.google.com/document/d/1CBF65WS71QOC4XiUH-KT2ZGDTp5ieSMSqC-d1NfoFCw/edit#heading=h.ptbvkvnv25r7
4189,https://www.reddit.com
6276,http://www.expedia.com
1591,https://www.instagram.com/justintimberlake/
3896,https://www.facebook.com/DwayneJohnson/
105,http://www.theatlantic.com
2938,https://www.theguardian.com/international
15820,https://docs.google.com/document/d/1CBF65WS71QOC4XiUH-KT2ZGDTp5ieSMSqC-d1NfoFCw/edit#heading=h.ptbvkvnv25r7
4983,https://www.reddit.com
5289,http://www.expedia.com
1878,https://www.instagram.com/justintimberlake/
3586,https://www.facebook.com/DwayneJohnson/
66,http://www.theatlantic.com
3292,https://www.theguardian.com/international
15973,https://docs.google.com/document/d/1CBF65WS71QOC4XiUH-KT2ZGDTp5ieSMSqC-d1NfoFCw/edit#heading=h.ptbvkvnv25r7
4294,https://www.reddit.com
5345,http://www.expedia.com
1879,https://www.instagram.com/justintimberlake/
3591,https://www.facebook.com/DwayneJohnson/
65,http://www.theatlantic.com
3225,https://www.theguardian.com/international
16125,https://docs.google.com/document/d/1CBF65WS71QOC4XiUH-KT2ZGDTp5ieSMSqC-d1NfoFCw/edit#heading=h.ptbvkvnv25r7
4786,https://www.reddit.com
5470,http://www.expedia.com
1420,https://www.instagram.com/justintimberlake/
3891,https://www.facebook.com/DwayneJohnson/
61,http://www.theatlantic.com
2934,https://www.theguardian.com/international
15717,https://docs.google.com/document/d/1CBF65WS71QOC4XiUH-KT2ZGDTp5ieSMSqC-d1NfoFCw/edit#heading=h.ptbvkvnv25r7
4015,https://www.reddit.com
5702,http://www.expedia.com
1511,https://www.instagram.com/justintimberlake/
3441,https://www.facebook.com/DwayneJohnson/
